{
  "parent": "minecraft:item/generated",
  "textures": {
    "layer0": "minecraft:item/chest_minecart"
  },
	"overrides": [
		{ "predicate": {"custom_model_data": 1}, "model": "item/piposen_0801/1000ca"},
		{ "predicate": {"custom_model_data": 2}, "model": "item/piposen_0801/1000cb"},
		{ "predicate": {"custom_model_data": 3}, "model": "item/piposen_0801/1000cc"},
		{ "predicate": {"custom_model_data": 4}, "model": "item/piposen_0801/1000ma"},
		{ "predicate": {"custom_model_data": 5}, "model": "item/piposen_0801/1000mb"},
		{ "predicate": {"custom_model_data": 6}, "model": "item/piposen_0801/1000mc"},
		{ "predicate": {"custom_model_data": 7}, "model": "item/piposen_0801/1000ta"},
		{ "predicate": {"custom_model_data": 8}, "model": "item/piposen_0801/1000tb"},
		{ "predicate": {"custom_model_data": 9}, "model": "item/piposen_0801/1000tc"},
		{ "predicate": {"custom_model_data": 10}, "model": "item/piposen_0801/2000ca"},
		{ "predicate": {"custom_model_data": 11}, "model": "item/piposen_0801/2000cb"},
		{ "predicate": {"custom_model_data": 12}, "model": "item/piposen_0801/2000cc"},
		{ "predicate": {"custom_model_data": 13}, "model": "item/piposen_0801/2000ma"},
		{ "predicate": {"custom_model_data": 14}, "model": "item/piposen_0801/2000mb"},
		{ "predicate": {"custom_model_data": 15}, "model": "item/piposen_0801/2000mc"},
		{ "predicate": {"custom_model_data": 16}, "model": "item/piposen_0801/2000ta"},
		{ "predicate": {"custom_model_data": 17}, "model": "item/piposen_0801/2000tb"},
		{ "predicate": {"custom_model_data": 18}, "model": "item/piposen_0801/2000tc"},
		{ "predicate": {"custom_model_data": 19}, "model": "item/piposen_0801/3000ca"},
		{ "predicate": {"custom_model_data": 20}, "model": "item/piposen_0801/3000cb"},
		{ "predicate": {"custom_model_data": 21}, "model": "item/piposen_0801/3000cc"},
		{ "predicate": {"custom_model_data": 22}, "model": "item/piposen_0801/3000ma"},
		{ "predicate": {"custom_model_data": 23}, "model": "item/piposen_0801/3000mb"},
		{ "predicate": {"custom_model_data": 24}, "model": "item/piposen_0801/3000mc"},
		{ "predicate": {"custom_model_data": 25}, "model": "item/piposen_0801/3000ta"},
		{ "predicate": {"custom_model_data": 26}, "model": "item/piposen_0801/3000tb"},
		{ "predicate": {"custom_model_data": 27}, "model": "item/piposen_0801/3000tc"},
		{ "predicate": {"custom_model_data": 28}, "model": "item/tommyc4/kura1ca"},
		{ "predicate": {"custom_model_data": 29}, "model": "item/tommyc4/kura1cb"},
		{ "predicate": {"custom_model_data": 30}, "model": "item/tommyc4/kura1cc"},
		{ "predicate": {"custom_model_data": 31}, "model": "item/tommyc4/kura1ma"},
		{ "predicate": {"custom_model_data": 32}, "model": "item/tommyc4/kura1mb"},
		{ "predicate": {"custom_model_data": 33}, "model": "item/tommyc4/kura1mc"},
		{ "predicate": {"custom_model_data": 34}, "model": "item/tommyc4/kura1ta"},
		{ "predicate": {"custom_model_data": 35}, "model": "item/tommyc4/kura1tb"},
		{ "predicate": {"custom_model_data": 36}, "model": "item/tommyc4/kura1tc"},
		{ "predicate": {"custom_model_data": 101}, "model": "item/piposen_0801/fca"},
		{ "predicate": {"custom_model_data": 102}, "model": "item/piposen_0801/fcb"}
	]
}