{
	"parent": "item/handheld",
	"textures": {
		"layer0": "items/iron_pickaxe"
	},
	"overrides": [
		{ "predicate": {"damaged": 0, "damage": 0}, "model": "item/iron_pickaxe"},
		{ "_cmd_": "give @p minecraft:iron_pickaxe 1 1 {unbreakable:1}","predicate": {"damaged": 0, "damage": 0.004}, "model": "item/others/u0"},
		{ "_cmd_": "give @p minecraft:iron_pickaxe 1 2 {unbreakable:1}","predicate": {"damaged": 0, "damage": 0.008}, "model": "item/others/u1"},
		{ "_cmd_": "give @p minecraft:iron_pickaxe 1 3 {unbreakable:1}","predicate": {"damaged": 0, "damage": 0.012}, "model": "item/others/u2"},
		{ "_cmd_": "give @p minecraft:iron_pickaxe 1 4 {unbreakable:1}","predicate": {"damaged": 0, "damage": 0.016}, "model": "item/others/u3"},
		{ "_cmd_": "give @p minecraft:iron_pickaxe 1 5 {unbreakable:1}","predicate": {"damaged": 0, "damage": 0.02}, "model": "item/others/u4"},
		{ "_cmd_": "give @p minecraft:iron_pickaxe 1 6 {unbreakable:1}","predicate": {"damaged": 0, "damage": 0.024}, "model": "item/others/u5"},
		{ "_cmd_": "give @p minecraft:iron_pickaxe 1 7 {unbreakable:1}","predicate": {"damaged": 0, "damage": 0.028}, "model": "item/others/u6"},
		{ "_cmd_": "give @p minecraft:iron_pickaxe 1 8 {unbreakable:1}","predicate": {"damaged": 0, "damage": 0.032}, "model": "item/others/u7"},
		{ "_cmd_": "give @p minecraft:iron_pickaxe 1 9 {unbreakable:1}","predicate": {"damaged": 0, "damage": 0.036000000000000004}, "model": "item/others/u8"},
		{ "_cmd_": "give @p minecraft:iron_pickaxe 1 10 {unbreakable:1}","predicate": {"damaged": 0, "damage": 0.04}, "model": "item/others/u9"},
		{ "_cmd_": "give @p minecraft:iron_pickaxe 1 11 {unbreakable:1}","predicate": {"damaged": 0, "damage": 0.044}, "model": "item/others/u10"},
		{ "_cmd_": "give @p minecraft:iron_pickaxe 1 12 {unbreakable:1}","predicate": {"damaged": 0, "damage": 0.048}, "model": "item/others/u11"},
		{ "_cmd_": "give @p minecraft:iron_pickaxe 1 13 {unbreakable:1}","predicate": {"damaged": 0, "damage": 0.052000000000000005}, "model": "item/others/u12"},
		{ "_cmd_": "give @p minecraft:iron_pickaxe 1 14 {unbreakable:1}","predicate": {"damaged": 0, "damage": 0.056}, "model": "item/others/u13"},
		{ "_cmd_": "give @p minecraft:iron_pickaxe 1 15 {unbreakable:1}","predicate": {"damaged": 0, "damage": 0.06}, "model": "item/others/u14"},
		{ "_cmd_": "give @p minecraft:iron_pickaxe 1 16 {unbreakable:1}","predicate": {"damaged": 0, "damage": 0.064}, "model": "item/others/u15"},
		{ "_cmd_": "give @p minecraft:iron_pickaxe 1 17 {unbreakable:1}","predicate": {"damaged": 0, "damage": 0.068}, "model": "item/others/u16"},
		{ "_cmd_": "give @p minecraft:iron_pickaxe 1 18 {unbreakable:1}","predicate": {"damaged": 0, "damage": 0.07200000000000001}, "model": "item/others/u17"},
		{ "_cmd_": "give @p minecraft:iron_pickaxe 1 19 {unbreakable:1}","predicate": {"damaged": 0, "damage": 0.076}, "model": "item/others/u18"},
		{ "_cmd_": "give @p minecraft:iron_pickaxe 1 20 {unbreakable:1}","predicate": {"damaged": 0, "damage": 0.08}, "model": "item/others/u19"},
		{ "_cmd_": "give @p minecraft:iron_pickaxe 1 21 {unbreakable:1}","predicate": {"damaged": 0, "damage": 0.084}, "model": "item/others/u20"},
		{ "_cmd_": "give @p minecraft:iron_pickaxe 1 22 {unbreakable:1}","predicate": {"damaged": 0, "damage": 0.088}, "model": "item/others/u21"},
		{ "_cmd_": "give @p minecraft:iron_pickaxe 1 23 {unbreakable:1}","predicate": {"damaged": 0, "damage": 0.092}, "model": "item/others/u22"},
		{ "_cmd_": "give @p minecraft:iron_pickaxe 1 24 {unbreakable:1}","predicate": {"damaged": 0, "damage": 0.096}, "model": "item/others/u23"},
		{ "_cmd_": "give @p minecraft:iron_pickaxe 1 25 {unbreakable:1}","predicate": {"damaged": 0, "damage": 0.1}, "model": "item/others/u24"},
		{ "_cmd_": "give @p minecraft:iron_pickaxe 1 26 {unbreakable:1}","predicate": {"damaged": 0, "damage": 0.10400000000000001}, "model": "item/others/u25"},
		{ "_cmd_": "give @p minecraft:iron_pickaxe 1 27 {unbreakable:1}","predicate": {"damaged": 0, "damage": 0.108}, "model": "item/others/u26"},
		{ "_cmd_": "give @p minecraft:iron_pickaxe 1 28 {unbreakable:1}","predicate": {"damaged": 0, "damage": 0.112}, "model": "item/others/u27"},
		{ "_cmd_": "give @p minecraft:iron_pickaxe 1 29 {unbreakable:1}","predicate": {"damaged": 0, "damage": 0.116}, "model": "item/others/u28"},
		{ "_cmd_": "give @p minecraft:iron_pickaxe 1 30 {unbreakable:1}","predicate": {"damaged": 0, "damage": 0.12}, "model": "item/others/u29"},
		{ "_cmd_": "give @p minecraft:iron_pickaxe 1 31 {unbreakable:1}","predicate": {"damaged": 0, "damage": 0.124}, "model": "item/others/u30"},
		{ "_cmd_": "give @p minecraft:iron_pickaxe 1 32 {unbreakable:1}","predicate": {"damaged": 0, "damage": 0.128}, "model": "item/others/m0"},
		{ "_cmd_": "give @p minecraft:iron_pickaxe 1 33 {unbreakable:1}","predicate": {"damaged": 0, "damage": 0.132}, "model": "item/others/m1"},
		{ "_cmd_": "give @p minecraft:iron_pickaxe 1 34 {unbreakable:1}","predicate": {"damaged": 0, "damage": 0.136}, "model": "item/others/m2"},
		{ "_cmd_": "give @p minecraft:iron_pickaxe 1 35 {unbreakable:1}","predicate": {"damaged": 0, "damage": 0.14}, "model": "item/others/m3"},
		{ "_cmd_": "give @p minecraft:iron_pickaxe 1 36 {unbreakable:1}","predicate": {"damaged": 0, "damage": 0.14400000000000002}, "model": "item/others/m4"},
		{ "_cmd_": "give @p minecraft:iron_pickaxe 1 37 {unbreakable:1}","predicate": {"damaged": 0, "damage": 0.148}, "model": "item/others/m5"},
		{ "_cmd_": "give @p minecraft:iron_pickaxe 1 38 {unbreakable:1}","predicate": {"damaged": 0, "damage": 0.152}, "model": "item/others/m6"},
		{ "_cmd_": "give @p minecraft:iron_pickaxe 1 39 {unbreakable:1}","predicate": {"damaged": 0, "damage": 0.156}, "model": "item/others/m7"},
		{ "_cmd_": "give @p minecraft:iron_pickaxe 1 40 {unbreakable:1}","predicate": {"damaged": 0, "damage": 0.16}, "model": "item/others/m8"},
		{ "_cmd_": "give @p minecraft:iron_pickaxe 1 41 {unbreakable:1}","predicate": {"damaged": 0, "damage": 0.164}, "model": "item/others/m9"},
		{ "_cmd_": "give @p minecraft:iron_pickaxe 1 42 {unbreakable:1}","predicate": {"damaged": 0, "damage": 0.168}, "model": "item/others/m10"},
		{ "_cmd_": "give @p minecraft:iron_pickaxe 1 43 {unbreakable:1}","predicate": {"damaged": 0, "damage": 0.17200000000000001}, "model": "item/others/m11"},
		{ "_cmd_": "give @p minecraft:iron_pickaxe 1 44 {unbreakable:1}","predicate": {"damaged": 0, "damage": 0.176}, "model": "item/others/m12"},
		{ "_cmd_": "give @p minecraft:iron_pickaxe 1 45 {unbreakable:1}","predicate": {"damaged": 0, "damage": 0.18}, "model": "item/others/m13"},
		{ "_cmd_": "give @p minecraft:iron_pickaxe 1 46 {unbreakable:1}","predicate": {"damaged": 0, "damage": 0.184}, "model": "item/others/m14"},
		{ "_cmd_": "give @p minecraft:iron_pickaxe 1 47 {unbreakable:1}","predicate": {"damaged": 0, "damage": 0.188}, "model": "item/others/m15"},
		{ "_cmd_": "give @p minecraft:iron_pickaxe 1 48 {unbreakable:1}","predicate": {"damaged": 0, "damage": 0.192}, "model": "item/others/m16"},
		{ "_cmd_": "give @p minecraft:iron_pickaxe 1 49 {unbreakable:1}","predicate": {"damaged": 0, "damage": 0.196}, "model": "item/others/m17"},
		{ "_cmd_": "give @p minecraft:iron_pickaxe 1 50 {unbreakable:1}","predicate": {"damaged": 0, "damage": 0.2}, "model": "item/others/m18"},
		{ "_cmd_": "give @p minecraft:iron_pickaxe 1 51 {unbreakable:1}","predicate": {"damaged": 0, "damage": 0.20400000000000001}, "model": "item/others/m19"},
		{ "_cmd_": "give @p minecraft:iron_pickaxe 1 52 {unbreakable:1}","predicate": {"damaged": 0, "damage": 0.20800000000000002}, "model": "item/others/m20"},
		{ "_cmd_": "give @p minecraft:iron_pickaxe 1 53 {unbreakable:1}","predicate": {"damaged": 0, "damage": 0.212}, "model": "item/others/m21"},
		{ "_cmd_": "give @p minecraft:iron_pickaxe 1 54 {unbreakable:1}","predicate": {"damaged": 0, "damage": 0.216}, "model": "item/others/m22"},
		{ "_cmd_": "give @p minecraft:iron_pickaxe 1 55 {unbreakable:1}","predicate": {"damaged": 0, "damage": 0.22}, "model": "item/others/m23"},
		{ "_cmd_": "give @p minecraft:iron_pickaxe 1 56 {unbreakable:1}","predicate": {"damaged": 0, "damage": 0.224}, "model": "item/others/m24"},
		{ "_cmd_": "give @p minecraft:iron_pickaxe 1 57 {unbreakable:1}","predicate": {"damaged": 0, "damage": 0.228}, "model": "item/others/m25"},
		{ "_cmd_": "give @p minecraft:iron_pickaxe 1 58 {unbreakable:1}","predicate": {"damaged": 0, "damage": 0.232}, "model": "item/others/m26"},
		{ "_cmd_": "give @p minecraft:iron_pickaxe 1 59 {unbreakable:1}","predicate": {"damaged": 0, "damage": 0.23600000000000002}, "model": "item/others/m27"},
		{ "_cmd_": "give @p minecraft:iron_pickaxe 1 60 {unbreakable:1}","predicate": {"damaged": 0, "damage": 0.24}, "model": "item/others/m28"},
		{ "_cmd_": "give @p minecraft:iron_pickaxe 1 61 {unbreakable:1}","predicate": {"damaged": 0, "damage": 0.244}, "model": "item/others/m29"},
		{ "_cmd_": "give @p minecraft:iron_pickaxe 1 62 {unbreakable:1}","predicate": {"damaged": 0, "damage": 0.248}, "model": "item/others/m30"},
		{ "_cmd_": "give @p minecraft:iron_pickaxe 1 63 {unbreakable:1}","predicate": {"damaged": 0, "damage": 0.252}, "model": "item/others/m31"},
		{ "_cmd_": "give @p minecraft:iron_pickaxe 1 64 {unbreakable:1}","predicate": {"damaged": 0, "damage": 0.256}, "model": "item/others/m32"},
		{ "_cmd_": "give @p minecraft:iron_pickaxe 1 65 {unbreakable:1}","predicate": {"damaged": 0, "damage": 0.26}, "model": "item/others/m33"},
		{ "_cmd_": "give @p minecraft:iron_pickaxe 1 66 {unbreakable:1}","predicate": {"damaged": 0, "damage": 0.264}, "model": "item/others/m34"},
		{ "_cmd_": "give @p minecraft:iron_pickaxe 1 67 {unbreakable:1}","predicate": {"damaged": 0, "damage": 0.268}, "model": "item/others/m35"},
		{ "_cmd_": "give @p minecraft:iron_pickaxe 1 68 {unbreakable:1}","predicate": {"damaged": 0, "damage": 0.272}, "model": "item/others/m36"},
		{ "_cmd_": "give @p minecraft:iron_pickaxe 1 69 {unbreakable:1}","predicate": {"damaged": 0, "damage": 0.276}, "model": "item/others/m37"},
		{ "_cmd_": "give @p minecraft:iron_pickaxe 1 70 {unbreakable:1}","predicate": {"damaged": 0, "damage": 0.28}, "model": "item/others/m38"},
		{ "_cmd_": "give @p minecraft:iron_pickaxe 1 71 {unbreakable:1}","predicate": {"damaged": 0, "damage": 0.28400000000000003}, "model": "item/others/m39"},
		{ "_cmd_": "give @p minecraft:iron_pickaxe 1 72 {unbreakable:1}","predicate": {"damaged": 0, "damage": 0.28800000000000003}, "model": "item/others/m40"},
		{ "_cmd_": "give @p minecraft:iron_pickaxe 1 73 {unbreakable:1}","predicate": {"damaged": 0, "damage": 0.292}, "model": "item/iron_pickaxe"},
		{ "_cmd_": "give @p minecraft:iron_pickaxe 1 74 {unbreakable:1}","predicate": {"damaged": 0, "damage": 0.296}, "model": "item/iron_pickaxe"},
		{ "_cmd_": "give @p minecraft:iron_pickaxe 1 75 {unbreakable:1}","predicate": {"damaged": 0, "damage": 0.3}, "model": "item/iron_pickaxe"},
		{ "_cmd_": "give @p minecraft:iron_pickaxe 1 76 {unbreakable:1}","predicate": {"damaged": 0, "damage": 0.304}, "model": "item/iron_pickaxe"},
		{ "_cmd_": "give @p minecraft:iron_pickaxe 1 77 {unbreakable:1}","predicate": {"damaged": 0, "damage": 0.308}, "model": "item/iron_pickaxe"},
		{ "_cmd_": "give @p minecraft:iron_pickaxe 1 78 {unbreakable:1}","predicate": {"damaged": 0, "damage": 0.312}, "model": "item/iron_pickaxe"},
		{ "_cmd_": "give @p minecraft:iron_pickaxe 1 79 {unbreakable:1}","predicate": {"damaged": 0, "damage": 0.316}, "model": "item/yama_yashio/200ca"},
		{ "_cmd_": "give @p minecraft:iron_pickaxe 1 80 {unbreakable:1}","predicate": {"damaged": 0, "damage": 0.32}, "model": "item/yama_yashio/200ma"},
		{ "_cmd_": "give @p minecraft:iron_pickaxe 1 81 {unbreakable:1}","predicate": {"damaged": 0, "damage": 0.324}, "model": "item/yama_yashio/200ta"},
		{ "_cmd_": "give @p minecraft:iron_pickaxe 1 82 {unbreakable:1}","predicate": {"damaged": 0, "damage": 0.328}, "model": "item/yama_yashio/200cb"},
		{ "_cmd_": "give @p minecraft:iron_pickaxe 1 83 {unbreakable:1}","predicate": {"damaged": 0, "damage": 0.332}, "model": "item/yama_yashio/200mb"},
		{ "_cmd_": "give @p minecraft:iron_pickaxe 1 84 {unbreakable:1}","predicate": {"damaged": 0, "damage": 0.336}, "model": "item/yama_yashio/200tb"},
		{ "_cmd_": "give @p minecraft:iron_pickaxe 1 85 {unbreakable:1}","predicate": {"damaged": 0, "damage": 0.34}, "model": "item/yama_yashio/250ca"},
		{ "_cmd_": "give @p minecraft:iron_pickaxe 1 86 {unbreakable:1}","predicate": {"damaged": 0, "damage": 0.34400000000000003}, "model": "item/yama_yashio/250ma"},
		{ "_cmd_": "give @p minecraft:iron_pickaxe 1 87 {unbreakable:1}","predicate": {"damaged": 0, "damage": 0.34800000000000003}, "model": "item/yama_yashio/250ta"},
		{ "_cmd_": "give @p minecraft:iron_pickaxe 1 88 {unbreakable:1}","predicate": {"damaged": 0, "damage": 0.352}, "model": "item/yama_yashio/250cb"},
		{ "_cmd_": "give @p minecraft:iron_pickaxe 1 89 {unbreakable:1}","predicate": {"damaged": 0, "damage": 0.356}, "model": "item/yama_yashio/250mb"},
		{ "_cmd_": "give @p minecraft:iron_pickaxe 1 90 {unbreakable:1}","predicate": {"damaged": 0, "damage": 0.36}, "model": "item/yama_yashio/250tb"},
		{ "_cmd_": "give @p minecraft:iron_pickaxe 1 91 {unbreakable:1}","predicate": {"damaged": 0, "damage": 0.364}, "model": "item/yama_yashio/300ca"},
		{ "_cmd_": "give @p minecraft:iron_pickaxe 1 92 {unbreakable:1}","predicate": {"damaged": 0, "damage": 0.368}, "model": "item/yama_yashio/300ma"},
		{ "_cmd_": "give @p minecraft:iron_pickaxe 1 93 {unbreakable:1}","predicate": {"damaged": 0, "damage": 0.372}, "model": "item/yama_yashio/300ta"},
		{ "_cmd_": "give @p minecraft:iron_pickaxe 1 94 {unbreakable:1}","predicate": {"damaged": 0, "damage": 0.376}, "model": "item/yama_yashio/300cb"},
		{ "_cmd_": "give @p minecraft:iron_pickaxe 1 95 {unbreakable:1}","predicate": {"damaged": 0, "damage": 0.38}, "model": "item/yama_yashio/300mb"},
		{ "_cmd_": "give @p minecraft:iron_pickaxe 1 96 {unbreakable:1}","predicate": {"damaged": 0, "damage": 0.384}, "model": "item/yama_yashio/300tb"},
		{ "_cmd_": "give @p minecraft:iron_pickaxe 1 97 {unbreakable:1}","predicate": {"damaged": 0, "damage": 0.388}, "model": "item/yama_yashio/200cc"},
		{ "_cmd_": "give @p minecraft:iron_pickaxe 1 98 {unbreakable:1}","predicate": {"damaged": 0, "damage": 0.392}, "model": "item/yama_yashio/250cc"},
		{ "_cmd_": "give @p minecraft:iron_pickaxe 1 247 {unbreakable:1}","predicate": {"damaged": 0, "damage": 0.988}, "model": "item/piposen_0801/fc_b"},
		{ "_cmd_": "give @p minecraft:iron_pickaxe 1 248 {unbreakable:1}","predicate": {"damaged": 0, "damage": 0.992}, "model": "item/piposen_0801/fc_a"},
		{ "_cmd_": "give @p minecraft:iron_pickaxe 1 249 {unbreakable:1}","predicate": {"damaged": 0, "damage": 0.996}, "model": "item/piposen_0801/rd51"},
		{ "_cmd_": "give @p minecraft:iron_pickaxe 1 250 {unbreakable:1}","predicate": {"damaged": 0, "damage": 1}, "model": "item/piposen_0801/rh65"},
		{ "predicate": {"damaged": 1, "damage": 0}, "model": "items/iron_pickaxe"}
	]
}