{
  "parent": "minecraft:item/generated",
  "textures": {
    "layer0": "minecraft:item/minecart"
  },
	"overrides": [
		{ "predicate": {"custom_model_data": 1}, "model": "item/piposen_0801/102ca"},
		{ "predicate": {"custom_model_data": 2}, "model": "item/piposen_0801/102ma"},
		{ "predicate": {"custom_model_data": 3}, "model": "item/piposen_0801/102ta"},
		{ "predicate": {"custom_model_data": 4}, "model": "item/piposen_0801/102cb"},
		{ "predicate": {"custom_model_data": 5}, "model": "item/piposen_0801/102mb"},
		{ "predicate": {"custom_model_data": 6}, "model": "item/piposen_0801/102tb"},
		{ "predicate": {"custom_model_data": 7}, "model": "item/piposen_0801/102cc"},
		{ "predicate": {"custom_model_data": 8}, "model": "item/piposen_0801/102mc"},
		{ "predicate": {"custom_model_data": 9}, "model": "item/piposen_0801/102tc"},
		{ "predicate": {"custom_model_data": 10}, "model": "item/piposen_0801/112ca"},
		{ "predicate": {"custom_model_data": 11}, "model": "item/piposen_0801/112ma"},
		{ "predicate": {"custom_model_data": 12}, "model": "item/piposen_0801/112ta"},
		{ "predicate": {"custom_model_data": 13}, "model": "item/piposen_0801/112cb"},
		{ "predicate": {"custom_model_data": 14}, "model": "item/piposen_0801/112mb"},
		{ "predicate": {"custom_model_data": 15}, "model": "item/piposen_0801/112tb"},
		{ "predicate": {"custom_model_data": 16}, "model": "item/series205/400c"},
		{ "predicate": {"custom_model_data": 17}, "model": "item/series205/400m"},
		{ "predicate": {"custom_model_data": 18}, "model": "item/series205/400t"},
		{ "predicate": {"custom_model_data": 19}, "model": "item/piposen_0801/104ca"},
		{ "predicate": {"custom_model_data": 20}, "model": "item/piposen_0801/104ma"},
		{ "predicate": {"custom_model_data": 21}, "model": "item/piposen_0801/104ta"},
		{ "predicate": {"custom_model_data": 22}, "model": "item/piposen_0801/104cb"},
		{ "predicate": {"custom_model_data": 23}, "model": "item/piposen_0801/104mb"},
		{ "predicate": {"custom_model_data": 24}, "model": "item/piposen_0801/104tb"},
		{ "predicate": {"custom_model_data": 25}, "model": "item/piposen_0801/104cc"},
		{ "predicate": {"custom_model_data": 26}, "model": "item/piposen_0801/104mc"},
		{ "predicate": {"custom_model_data": 27}, "model": "item/piposen_0801/104tc"},
		{ "predicate": {"custom_model_data": 28}, "model": "item/piposen_0801/122ca"},
		{ "predicate": {"custom_model_data": 29}, "model": "item/piposen_0801/122ma"},
		{ "predicate": {"custom_model_data": 30}, "model": "item/piposen_0801/122ta"},
		{ "predicate": {"custom_model_data": 31}, "model": "item/piposen_0801/122cb"},
		{ "predicate": {"custom_model_data": 32}, "model": "item/piposen_0801/122mb"},
		{ "predicate": {"custom_model_data": 33}, "model": "item/piposen_0801/122tb"},
		{ "predicate": {"custom_model_data": 34}, "model": "item/piposen_0801/122cc"},
		{ "predicate": {"custom_model_data": 35}, "model": "item/piposen_0801/122mc"},
		{ "predicate": {"custom_model_data": 36}, "model": "item/piposen_0801/122tc"},
		{ "predicate": {"custom_model_data": 37}, "model": "item/piposen_0801/124ca"},
		{ "predicate": {"custom_model_data": 38}, "model": "item/piposen_0801/124ma"},
		{ "predicate": {"custom_model_data": 39}, "model": "item/piposen_0801/124ta"},
		{ "predicate": {"custom_model_data": 40}, "model": "item/piposen_0801/124cb"},
		{ "predicate": {"custom_model_data": 41}, "model": "item/piposen_0801/124mb"},
		{ "predicate": {"custom_model_data": 42}, "model": "item/piposen_0801/124tb"},
		{ "predicate": {"custom_model_data": 43}, "model": "item/piposen_0801/124cc"},
		{ "predicate": {"custom_model_data": 44}, "model": "item/piposen_0801/124mc"},
		{ "predicate": {"custom_model_data": 45}, "model": "item/piposen_0801/124tc"},
		{ "predicate": {"custom_model_data": 46}, "model": "item/piposen_0801/152ca"},
		{ "predicate": {"custom_model_data": 47}, "model": "item/piposen_0801/152ma"},
		{ "predicate": {"custom_model_data": 48}, "model": "item/piposen_0801/152ta"},
		{ "predicate": {"custom_model_data": 49}, "model": "item/piposen_0801/152cb"},
		{ "predicate": {"custom_model_data": 50}, "model": "item/piposen_0801/152mb"},
		{ "predicate": {"custom_model_data": 51}, "model": "item/piposen_0801/152tb"},
		{ "predicate": {"custom_model_data": 52}, "model": "item/piposen_0801/152cc"},
		{ "predicate": {"custom_model_data": 53}, "model": "item/piposen_0801/152mc"},
		{ "predicate": {"custom_model_data": 54}, "model": "item/piposen_0801/152tc"},
		{ "predicate": {"custom_model_data": 55}, "model": "item/piposen_0801/106ca"},
		{ "predicate": {"custom_model_data": 56}, "model": "item/piposen_0801/106ma"},
		{ "predicate": {"custom_model_data": 57}, "model": "item/piposen_0801/106ta"},
		{ "predicate": {"custom_model_data": 58}, "model": "item/piposen_0801/106cb"},
		{ "predicate": {"custom_model_data": 59}, "model": "item/piposen_0801/106mb"},
		{ "predicate": {"custom_model_data": 60}, "model": "item/piposen_0801/106tb"},
		{ "predicate": {"custom_model_data": 61}, "model": "item/piposen_0801/106cc"},
		{ "predicate": {"custom_model_data": 62}, "model": "item/piposen_0801/106mc"},
		{ "predicate": {"custom_model_data": 63}, "model": "item/piposen_0801/106tc"},
		{ "predicate": {"custom_model_data": 64}, "model": "item/piposen_0801/114ca"},
		{ "predicate": {"custom_model_data": 65}, "model": "item/piposen_0801/114ma"},
		{ "predicate": {"custom_model_data": 66}, "model": "item/piposen_0801/114ta"},
		{ "predicate": {"custom_model_data": 67}, "model": "item/piposen_0801/114cb"},
		{ "predicate": {"custom_model_data": 68}, "model": "item/piposen_0801/114mb"},
		{ "predicate": {"custom_model_data": 69}, "model": "item/piposen_0801/114tb"},
		{ "predicate": {"custom_model_data": 70}, "model": "item/piposen_0801/114cc"},
		{ "predicate": {"custom_model_data": 71}, "model": "item/piposen_0801/114mc"},
		{ "predicate": {"custom_model_data": 72}, "model": "item/piposen_0801/114tc"},
		{ "predicate": {"custom_model_data": 73}, "model": "item/piposen_0801/142ca"},
		{ "predicate": {"custom_model_data": 74}, "model": "item/piposen_0801/142ma"},
		{ "predicate": {"custom_model_data": 75}, "model": "item/piposen_0801/142ta"},
		{ "predicate": {"custom_model_data": 76}, "model": "item/piposen_0801/142cb"},
		{ "predicate": {"custom_model_data": 77}, "model": "item/piposen_0801/142mb"},
		{ "predicate": {"custom_model_data": 78}, "model": "item/piposen_0801/142tb"},
		{ "predicate": {"custom_model_data": 79}, "model": "item/piposen_0801/142cc"},
		{ "predicate": {"custom_model_data": 80}, "model": "item/piposen_0801/142mc"},
		{ "predicate": {"custom_model_data": 81}, "model": "item/piposen_0801/142tc"},
		{ "predicate": {"custom_model_data": 82}, "model": "item/piposen_0801/116ca"},
		{ "predicate": {"custom_model_data": 83}, "model": "item/piposen_0801/116ma"},
		{ "predicate": {"custom_model_data": 84}, "model": "item/piposen_0801/116ta"},
		{ "predicate": {"custom_model_data": 85}, "model": "item/piposen_0801/116cb"},
		{ "predicate": {"custom_model_data": 86}, "model": "item/piposen_0801/116mb"},
		{ "predicate": {"custom_model_data": 87}, "model": "item/piposen_0801/116tb"},
		{ "predicate": {"custom_model_data": 88}, "model": "item/piposen_0801/116cc"},
		{ "predicate": {"custom_model_data": 89}, "model": "item/piposen_0801/116mc"},
		{ "predicate": {"custom_model_data": 90}, "model": "item/piposen_0801/116tc"},
		{ "predicate": {"custom_model_data": 91}, "model": "item/piposen_0801/144ca"},
		{ "predicate": {"custom_model_data": 92}, "model": "item/piposen_0801/144ma"},
		{ "predicate": {"custom_model_data": 93}, "model": "item/piposen_0801/144ta"},
		{ "predicate": {"custom_model_data": 94}, "model": "item/piposen_0801/144cb"},
		{ "predicate": {"custom_model_data": 95}, "model": "item/piposen_0801/144mb"},
		{ "predicate": {"custom_model_data": 96}, "model": "item/piposen_0801/144tb"},
		{ "predicate": {"custom_model_data": 97}, "model": "item/piposen_0801/144cc"},
		{ "predicate": {"custom_model_data": 98}, "model": "item/piposen_0801/144mc"},
		{ "predicate": {"custom_model_data": 99}, "model": "item/piposen_0801/144tc"},
		{ "predicate": {"custom_model_data": 101}, "model": "item/piposen_0801/rd51"},
		{ "predicate": {"custom_model_data": 102}, "model": "item/piposen_0801/rd50"},
		{ "predicate": {"custom_model_data": 103}, "model": "item/piposen_0801/rd13"},
		{ "predicate": {"custom_model_data": 104}, "model": "item/piposen_0801/re10"},
		{ "predicate": {"custom_model_data": 1000}, "model": "item/piposen_0801/right"},
		{ "predicate": {"custom_model_data": 1001}, "model": "item/piposen_0801/wheel1"},
		{ "predicate": {"custom_model_data": 1002}, "model": "item/piposen_0801/wheel2"},
		{ "predicate": {"custom_model_data": 1003}, "model": "item/piposen_0801/wheel3"},
		{ "predicate": {"custom_model_data": 1006}, "model": "item/piposen_0801/pantograph1"},
		{ "predicate": {"custom_model_data": 1007}, "model": "item/piposen_0801/pantograph2"},
		{ "predicate": {"custom_model_data": 1008}, "model": "item/piposen_0801/pantograph3"},
		{ "predicate": {"custom_model_data": 1009}, "model": "item/piposen_0801/pantograph4"},
		{ "predicate": {"custom_model_data": 1010}, "model": "item/piposen_0801/pantograph5"},
		{ "predicate": {"custom_model_data": 1011}, "model": "item/piposen_0801/d102arr"},
		{ "predicate": {"custom_model_data": 1012}, "model": "item/piposen_0801/d102arl"},
		{ "predicate": {"custom_model_data": 1013}, "model": "item/piposen_0801/d102alr"},
		{ "predicate": {"custom_model_data": 1014}, "model": "item/piposen_0801/d102all"},
		{ "predicate": {"custom_model_data": 1015}, "model": "item/piposen_0801/d102brr"},
		{ "predicate": {"custom_model_data": 1016}, "model": "item/piposen_0801/d102brl"},
		{ "predicate": {"custom_model_data": 1017}, "model": "item/piposen_0801/d102blr"},
		{ "predicate": {"custom_model_data": 1018}, "model": "item/piposen_0801/d102bll"},
		{ "predicate": {"custom_model_data": 1019}, "model": "item/piposen_0801/d102crr"},
		{ "predicate": {"custom_model_data": 1020}, "model": "item/piposen_0801/d102crl"},
		{ "predicate": {"custom_model_data": 1021}, "model": "item/piposen_0801/d102clr"},
		{ "predicate": {"custom_model_data": 1022}, "model": "item/piposen_0801/d102cll"},
		{ "predicate": {"custom_model_data": 1023}, "model": "item/piposen_0801/d142crr"},
		{ "predicate": {"custom_model_data": 1024}, "model": "item/piposen_0801/d142crl"},
		{ "predicate": {"custom_model_data": 1025}, "model": "item/piposen_0801/d142clr"},
		{ "predicate": {"custom_model_data": 1026}, "model": "item/piposen_0801/d142cll"},
		{ "predicate": {"custom_model_data": 1101}, "model": "item/piposen_0801/l1f"},
		{ "predicate": {"custom_model_data": 1102}, "model": "item/piposen_0801/l1b"},
		{ "predicate": {"custom_model_data": 1103}, "model": "item/piposen_0801/l2f"},
		{ "predicate": {"custom_model_data": 1104}, "model": "item/piposen_0801/l2b"},
		{ "predicate": {"custom_model_data": 1105}, "model": "item/piposen_0801/l3f"},
		{ "predicate": {"custom_model_data": 1106}, "model": "item/piposen_0801/l3b"},
		{ "predicate": {"custom_model_data": 1107}, "model": "item/piposen_0801/l4f"},
		{ "predicate": {"custom_model_data": 1108}, "model": "item/piposen_0801/l4b"},
		{ "predicate": {"custom_model_data": 1109}, "model": "item/piposen_0801/l5f"},
		{ "predicate": {"custom_model_data": 1110}, "model": "item/piposen_0801/l5b"},
		{ "predicate": {"custom_model_data": 1111}, "model": "item/piposen_0801/l6f"},
		{ "predicate": {"custom_model_data": 1112}, "model": "item/piposen_0801/l6b"},
		{ "predicate": {"custom_model_data": 1113}, "model": "item/piposen_0801/l7f"},
		{ "predicate": {"custom_model_data": 1114}, "model": "item/piposen_0801/l7b"},
		{ "predicate": {"custom_model_data": 1115}, "model": "item/piposen_0801/l8f"},
		{ "predicate": {"custom_model_data": 1116}, "model": "item/piposen_0801/l8b"},
		{ "predicate": {"custom_model_data": 1117}, "model": "item/piposen_0801/l9f"},
		{ "predicate": {"custom_model_data": 1118}, "model": "item/piposen_0801/l9b"},
		{ "predicate": {"custom_model_data": 1119}, "model": "item/piposen_0801/l10f"},
		{ "predicate": {"custom_model_data": 1120}, "model": "item/piposen_0801/l10b"},
		{ "predicate": {"custom_model_data": 1121}, "model": "item/milk_y20000t/l501f"},
		{ "predicate": {"custom_model_data": 1122}, "model": "item/milk_y20000t/l501b"},
		{ "predicate": {"custom_model_data": 1123}, "model": "item/milk_y20000t/l521f"},
		{ "predicate": {"custom_model_data": 1124}, "model": "item/milk_y20000t/l521b"},
		{ "predicate": {"custom_model_data": 1125}, "model": "item/milk_y20000t/l531f"},
		{ "predicate": {"custom_model_data": 1126}, "model": "item/milk_y20000t/l531b"},
		{ "predicate": {"custom_model_data": 1127}, "model": "item/peruneo/l800f"},
		{ "predicate": {"custom_model_data": 1128}, "model": "item/peruneo/l800b"},
		{ "predicate": {"custom_model_data": 1129}, "model": "item/peruneo/l805f"},
		{ "predicate": {"custom_model_data": 1130}, "model": "item/peruneo/l805b"},
		{ "predicate": {"custom_model_data": 1131}, "model": "item/koutarou226/l620f"},
		{ "predicate": {"custom_model_data": 1132}, "model": "item/koutarou226/l620b"},
		{ "predicate": {"custom_model_data": 1133}, "model": "item/tommyc4/l139f"},
		{ "predicate": {"custom_model_data": 1134}, "model": "item/tommyc4/l139b"},
		{ "predicate": {"custom_model_data": 1135}, "model": "item/series205/l400f"},
		{ "predicate": {"custom_model_data": 1136}, "model": "item/series205/l400b"},
		{ "predicate": {"custom_model_data": 1136}, "model": "item/series205/l403f"},
		{ "predicate": {"custom_model_data": 1137}, "model": "item/series205/l403b"},
		{ "predicate": {"custom_model_data": 1138}, "model": "item/series205/l403f2"},
		{ "predicate": {"custom_model_data": 1139}, "model": "item/piposen_0801/l7f2"}
	]
}