{
	"credit": "made with blockbench",
	"texture_size": [48, 16],
	"textures": {
		"0": "items/mituya_kobari/u139_side_a",
		"1": "items/mituya_kobari/u139_other_a"
	},
	"elements": [
		{
			"name": "floor",
			"from": [-0.65, -2.2, -6.1],
			"to": [3.1, 3, 4.15],
			"rotation": {"angle": 0, "axis": "y", "origin": [-0.65, -0.55, -4.1]},
			"faces": {
				"north": {"uv": [10.625, 1.498, 10.99567, 1.982], "texture": "#1"},
				"east": {"uv": [6.95833, 1.5, 9.03933, 1.993], "texture": "#1"},
				"south": {"uv": [10.625, 1.498, 10.99567, 1.982], "texture": "#1"},
				"west": {"uv": [6.95833, 1.5, 9.03933, 1.993], "texture": "#1"},
				"up": {"uv": [8.95433, 6.874, 8.12433, 7.86], "texture": "#1"},
				"down": {"uv": [8.95433, 6.874, 8.12433, 7.86], "texture": "#1"}
			}
		},
		{
			"name": "floor",
			"from": [12.3, -2.2, -4],
			"to": [17.05, 3, 8.25],
			"rotation": {"angle": 0, "axis": "y", "origin": [14.3, -0.55, -4]},
			"faces": {
				"north": {"uv": [10.625, 1.498, 10.99567, 1.982], "texture": "#1"},
				"east": {"uv": [6.95833, 1.5, 9.03933, 1.993], "texture": "#1"},
				"south": {"uv": [10.625, 1.498, 10.99567, 1.982], "texture": "#1"},
				"west": {"uv": [6.95833, 1.5, 9.03933, 1.993], "texture": "#1"},
				"up": {"uv": [8.95433, 6.874, 8.12433, 7.86], "texture": "#1"},
				"down": {"uv": [8.95433, 6.874, 8.12433, 7.86], "texture": "#1"}
			}
		},
		{
			"name": "floor",
			"from": [-0.65, -2.2, 7.95],
			"to": [2, 3, 10.15],
			"rotation": {"angle": 0, "axis": "y", "origin": [-0.65, -0.55, 6.85]},
			"faces": {
				"north": {"uv": [10.625, 1.498, 10.99567, 1.982], "texture": "#1"},
				"east": {"uv": [10.625, 1.498, 10.99567, 1.982], "texture": "#1"},
				"south": {"uv": [10.625, 1.498, 10.99567, 1.982], "texture": "#1"},
				"west": {"uv": [10.625, 1.498, 10.99567, 1.982], "texture": "#1"},
				"up": {"uv": [8.95433, 6.874, 8.12433, 7.86], "texture": "#1"},
				"down": {"uv": [8.95433, 6.874, 8.12433, 7.86], "texture": "#1"}
			}
		},
		{
			"name": "floor",
			"from": [-0.65, -2.2, 19.05],
			"to": [1, 3, 21.25],
			"rotation": {"angle": 0, "axis": "y", "origin": [-0.65, -0.55, 13]},
			"faces": {
				"north": {"uv": [10.625, 1.498, 10.99567, 1.982], "texture": "#1"},
				"east": {"uv": [10.625, 1.498, 10.99567, 1.982], "texture": "#1"},
				"south": {"uv": [10.625, 1.498, 10.99567, 1.982], "texture": "#1"},
				"west": {"uv": [10.625, 1.498, 10.99567, 1.982], "texture": "#1"},
				"up": {"uv": [8.95433, 6.874, 8.12433, 7.86], "texture": "#1"},
				"down": {"uv": [8.95433, 6.874, 8.12433, 7.86], "texture": "#1"}
			}
		},
		{
			"name": "floor",
			"from": [7.65, -0.55, 20.8],
			"to": [8.75, 3, 24.65],
			"rotation": {"angle": 0, "axis": "y", "origin": [7.1, -0.55, 14.2]},
			"faces": {
				"north": {"uv": [8.95433, 6.874, 8.12433, 7.86], "texture": "#1"},
				"east": {"uv": [8.95433, 6.874, 8.12433, 7.86], "texture": "#1"},
				"south": {"uv": [8.95433, 6.874, 8.12433, 7.86], "texture": "#1"},
				"west": {"uv": [8.95433, 6.874, 8.12433, 7.86], "texture": "#1"},
				"up": {"uv": [8.95433, 6.874, 8.12433, 7.86], "texture": "#1"},
				"down": {"uv": [8.95433, 6.874, 8.12433, 7.86], "texture": "#1"}
			}
		},
		{
			"name": "floor",
			"from": [7.1, -1.1, 19.6],
			"to": [9.3, 3, 23.45],
			"rotation": {"angle": 0, "axis": "y", "origin": [7.1, -0.55, 13]},
			"faces": {
				"north": {"uv": [6.79133, 7.999, 7.54, 8.863], "texture": "#1"},
				"east": {"uv": [6.79133, 7.999, 7.54, 8.863], "texture": "#1"},
				"south": {"uv": [6.79133, 7.999, 7.54, 8.863], "texture": "#1"},
				"west": {"uv": [6.79133, 7.999, 7.54, 8.863], "texture": "#1"},
				"up": {"uv": [6.79133, 7.999, 7.54, 8.863], "texture": "#1"},
				"down": {"uv": [6.79133, 7.999, 7.54, 8.863], "texture": "#1"}
			}
		},
		{
			"name": "floor",
			"from": [4.35, -1.65, -14.1],
			"to": [6, 3, -12.9],
			"rotation": {"angle": 0, "axis": "y", "origin": [4.35, -0.55, -22.8]},
			"faces": {
				"north": {"uv": [10.625, 1.498, 10.99567, 1.982], "texture": "#1"},
				"east": {"uv": [10.625, 1.498, 10.99567, 1.982], "texture": "#1"},
				"south": {"uv": [10.625, 1.498, 10.99567, 1.982], "texture": "#1"},
				"west": {"uv": [10.625, 1.498, 10.99567, 1.982], "texture": "#1"},
				"up": {"uv": [8.95433, 6.874, 8.12433, 7.86], "texture": "#1"},
				"down": {"uv": [8.95433, 6.874, 8.12433, 7.86], "texture": "#1"}
			}
		},
		{
			"name": "floor",
			"from": [-1.1, -1.6, -15.1],
			"to": [17.5, 3.1, -14],
			"rotation": {"angle": 0, "axis": "y", "origin": [10.4, 0.45, -21.7]},
			"faces": {
				"north": {"uv": [0.16633, 7.247, 5.30967, 8.052], "texture": "#1"},
				"east": {"uv": [13.875, 2.75, 14.37367, 3.499], "texture": "#1"},
				"south": {"uv": [11.5, 14.5, 12.666, 15.998], "texture": "#1"},
				"west": {"uv": [13.875, 2.75, 14.37367, 3.499], "texture": "#1"},
				"up": {"uv": [11.5, 14.5, 12.666, 15.998], "texture": "#1"},
				"down": {"uv": [10.16667, 14.5, 11.33233, 15.997], "texture": "#1"}
			}
		},
		{
			"name": "floor",
			"from": [10.95, -2.75, -12.7625],
			"to": [12.05, 3, -12.2125],
			"rotation": {"angle": 0, "axis": "y", "origin": [10.95, 0.55, -19.5]},
			"faces": {
				"north": {"uv": [8.95433, 6.874, 8.12433, 7.86], "texture": "#1"},
				"east": {"uv": [8.95433, 6.874, 8.12433, 7.86], "texture": "#1"},
				"south": {"uv": [8.95433, 6.874, 8.12433, 7.86], "texture": "#1"},
				"west": {"uv": [8.95433, 6.874, 8.12433, 7.86], "texture": "#1"},
				"up": {"uv": [8.95433, 6.874, 8.12433, 7.86], "texture": "#1"},
				"down": {"uv": [8.95433, 6.874, 8.12433, 7.86], "texture": "#1"}
			}
		},
		{
			"name": "floor",
			"from": [4.35, -2.75, -12.7625],
			"to": [5.45, 3, -12.2125],
			"rotation": {"angle": 0, "axis": "y", "origin": [4.35, 0.55, -19.5]},
			"faces": {
				"north": {"uv": [8.95433, 6.874, 8.12433, 7.86], "texture": "#1"},
				"east": {"uv": [8.95433, 6.874, 8.12433, 7.86], "texture": "#1"},
				"south": {"uv": [8.95433, 6.874, 8.12433, 7.86], "texture": "#1"},
				"west": {"uv": [8.95433, 6.874, 8.12433, 7.86], "texture": "#1"},
				"up": {"uv": [8.95433, 6.874, 8.12433, 7.86], "texture": "#1"},
				"down": {"uv": [8.95433, 6.874, 8.12433, 7.86], "texture": "#1"}
			}
		},
		{
			"name": "floor",
			"from": [-0.925, -1.65, -14.65],
			"to": [17.325, 3, -14.55],
			"rotation": {"angle": 0, "axis": "y", "origin": [7.1, -0.55, -22.8]},
			"faces": {
				"north": {"uv": [11.5, 14.5, 12.666, 15.998], "texture": "#1"},
				"east": {"uv": [11.5, 14.5, 12.666, 15.998], "texture": "#1"},
				"south": {"uv": [7.54, 7.999, 6.79133, 8.863], "texture": "#1"},
				"west": {"uv": [11.5, 14.5, 12.666, 15.998], "texture": "#1"},
				"up": {"uv": [7.54, 7.999, 6.79133, 8.863], "texture": "#1"},
				"down": {"uv": [11.5, 14.5, 12.666, 15.998], "texture": "#1"}
			}
		},
		{
			"name": "floor",
			"from": [-0.65, -1.65, 4.55],
			"to": [6.75, 3, 7.3],
			"rotation": {"angle": 0, "axis": "y", "origin": [-0.65, -0.55, 1.25]},
			"faces": {
				"north": {"uv": [6.95833, 1.5, 9.03933, 1.993], "texture": "#1"},
				"east": {"uv": [5.75, 1.5, 6.622, 1.864], "texture": "#1"},
				"south": {"uv": [6.95833, 1.5, 9.03933, 1.993], "texture": "#1"},
				"west": {"uv": [5.75, 1.5, 6.622, 1.864], "texture": "#1"},
				"up": {"uv": [8.95433, 6.874, 8.12433, 7.86], "texture": "#1"},
				"down": {"uv": [8.95433, 6.874, 8.12433, 7.86], "texture": "#1"}
			}
		},
		{
			"name": "floor",
			"from": [-1.2, 3, -15.639],
			"to": [17.6, 3.55, 22.561],
			"rotation": {"angle": 0, "axis": "y", "origin": [8.2, 0, 16.525]},
			"faces": {
				"north": {"uv": [11.43933, 14.181, 12.69633, 15.995], "texture": "#1"},
				"east": {"uv": [7.54, 7.999, 6.79133, 8.863], "texture": "#1"},
				"south": {"uv": [11.43933, 14.181, 12.69633, 15.995], "texture": "#1"},
				"west": {"uv": [7.54, 7.999, 6.79133, 8.863], "texture": "#1"},
				"up": {"uv": [8.45367, 8.125, 7.79167, 8.866], "texture": "#1"},
				"down": {"uv": [7.54, 7.999, 6.79133, 8.863], "texture": "#1"}
			}
		},
		{
			"name": "wheel",
			"from": [4.9, -2.8875, -7.4],
			"to": [5.0375, 2.8625, -4.65],
			"rotation": {"angle": 0, "axis": "y", "origin": [4.9, -1.1, -10.7]},
			"faces": {
				"north": {"uv": [11.5, 14.5, 12.666, 15.998], "texture": "#1"},
				"east": {"uv": [10.79133, 0, 12.16433, 1.388], "texture": "#1"},
				"south": {"uv": [11.5, 14.5, 12.666, 15.998], "texture": "#1"},
				"west": {"uv": [10.79133, 0, 12.16433, 1.388], "texture": "#1"},
				"up": {"uv": [11.5, 14.5, 12.666, 15.998], "texture": "#1"},
				"down": {"uv": [11.5, 14.5, 12.666, 15.998], "texture": "#1"}
			}
		},
		{
			"name": "wheel",
			"from": [4.9, -2.8875, 13.65],
			"to": [5.0375, 2.8625, 16.4],
			"rotation": {"angle": 0, "axis": "y", "origin": [4.9, -1.1, 19.7]},
			"faces": {
				"north": {"uv": [12.666, 14.5, 11.5, 15.998], "texture": "#1"},
				"east": {"uv": [12.16433, 0, 10.79133, 1.388], "texture": "#1"},
				"south": {"uv": [12.666, 14.5, 11.5, 15.998], "texture": "#1"},
				"west": {"uv": [12.16433, 0, 10.79133, 1.388], "texture": "#1"},
				"up": {"uv": [11.5, 15.998, 12.666, 14.5], "texture": "#1"},
				"down": {"uv": [11.5, 15.998, 12.666, 14.5], "texture": "#1"}
			}
		},
		{
			"name": "wheel",
			"from": [11.3625, -2.8875, -7.4],
			"to": [11.5, 2.8625, -4.65],
			"rotation": {"angle": 0, "axis": "y", "origin": [11.5, -1.1, -10.7]},
			"faces": {
				"north": {"uv": [11.5, 14.5, 12.666, 15.998], "texture": "#1"},
				"east": {"uv": [10.79133, 0, 12.16433, 1.388], "texture": "#1"},
				"south": {"uv": [11.5, 14.5, 12.666, 15.998], "texture": "#1"},
				"west": {"uv": [10.79133, 0, 12.16433, 1.388], "texture": "#1"},
				"up": {"uv": [11.5, 14.5, 12.666, 15.998], "texture": "#1"},
				"down": {"uv": [11.5, 14.5, 12.666, 15.998], "texture": "#1"}
			}
		},
		{
			"name": "wheel",
			"from": [11.3625, -2.8875, 13.65],
			"to": [11.5, 2.8625, 16.4],
			"rotation": {"angle": 0, "axis": "y", "origin": [11.5, -1.1, 19.7]},
			"faces": {
				"north": {"uv": [12.666, 14.5, 11.5, 15.998], "texture": "#1"},
				"east": {"uv": [12.16433, 0, 10.79133, 1.388], "texture": "#1"},
				"south": {"uv": [12.666, 14.5, 11.5, 15.998], "texture": "#1"},
				"west": {"uv": [12.16433, 0, 10.79133, 1.388], "texture": "#1"},
				"up": {"uv": [11.5, 15.998, 12.666, 14.5], "texture": "#1"},
				"down": {"uv": [11.5, 15.998, 12.666, 14.5], "texture": "#1"}
			}
		},
		{
			"name": "wheel",
			"from": [4.9, -2.8875, -11.8],
			"to": [5.0375, 2.8625, -9.05],
			"rotation": {"angle": 0, "axis": "y", "origin": [4.9, -1.1, -15.1]},
			"faces": {
				"north": {"uv": [11.5, 14.5, 12.666, 15.998], "texture": "#1"},
				"east": {"uv": [10.79133, 0, 12.16433, 1.388], "texture": "#1"},
				"south": {"uv": [11.5, 14.5, 12.666, 15.998], "texture": "#1"},
				"west": {"uv": [10.79133, 0, 12.16433, 1.388], "texture": "#1"},
				"up": {"uv": [11.5, 14.5, 12.666, 15.998], "texture": "#1"},
				"down": {"uv": [11.5, 14.5, 12.666, 15.998], "texture": "#1"}
			}
		},
		{
			"name": "wheel",
			"from": [4.9, -2.8875, 18.05],
			"to": [5.0375, 2.8625, 20.8],
			"rotation": {"angle": 0, "axis": "y", "origin": [4.9, -1.1, 24.1]},
			"faces": {
				"north": {"uv": [12.666, 14.5, 11.5, 15.998], "texture": "#1"},
				"east": {"uv": [12.16433, 0, 10.79133, 1.388], "texture": "#1"},
				"south": {"uv": [12.666, 14.5, 11.5, 15.998], "texture": "#1"},
				"west": {"uv": [12.16433, 0, 10.79133, 1.388], "texture": "#1"},
				"up": {"uv": [11.5, 15.998, 12.666, 14.5], "texture": "#1"},
				"down": {"uv": [11.5, 15.998, 12.666, 14.5], "texture": "#1"}
			}
		},
		{
			"name": "wheel",
			"from": [11.3625, -2.8875, -11.8],
			"to": [11.5, 2.8625, -9.05],
			"rotation": {"angle": 0, "axis": "y", "origin": [11.5, -1.1, -15.1]},
			"faces": {
				"north": {"uv": [11.5, 14.5, 12.666, 15.998], "texture": "#1"},
				"east": {"uv": [10.79133, 0, 12.16433, 1.388], "texture": "#1"},
				"south": {"uv": [11.5, 14.5, 12.666, 15.998], "texture": "#1"},
				"west": {"uv": [10.79133, 0, 12.16433, 1.388], "texture": "#1"},
				"up": {"uv": [11.5, 14.5, 12.666, 15.998], "texture": "#1"},
				"down": {"uv": [11.5, 14.5, 12.666, 15.998], "texture": "#1"}
			}
		},
		{
			"name": "wheel",
			"from": [11.3625, -2.8875, 18.05],
			"to": [11.5, 2.8625, 20.8],
			"rotation": {"angle": 0, "axis": "y", "origin": [11.5, -1.1, 24.1]},
			"faces": {
				"north": {"uv": [12.666, 14.5, 11.5, 15.998], "texture": "#1"},
				"east": {"uv": [12.16433, 0, 10.79133, 1.388], "texture": "#1"},
				"south": {"uv": [12.666, 14.5, 11.5, 15.998], "texture": "#1"},
				"west": {"uv": [12.16433, 0, 10.79133, 1.388], "texture": "#1"},
				"up": {"uv": [11.5, 15.998, 12.666, 14.5], "texture": "#1"},
				"down": {"uv": [11.5, 15.998, 12.666, 14.5], "texture": "#1"}
			}
		},
		{
			"name": "wheel",
			"from": [4.845, -2.6125, -7.125],
			"to": [4.9825, 2.5875, -4.925],
			"rotation": {"angle": 0, "axis": "y", "origin": [4.35, -1.65, -10.15]},
			"faces": {
				"north": {"uv": [13.875, 2.75, 14.37367, 3.499], "texture": "#1"},
				"east": {"uv": [4.79133, 0.499, 5.74833, 1.512], "texture": "#1"},
				"south": {"uv": [13.875, 2.75, 14.37367, 3.499], "texture": "#1"},
				"west": {"uv": [4.79133, 0.499, 5.74833, 1.512], "texture": "#1"},
				"up": {"uv": [13.875, 2.75, 14.37367, 3.499], "texture": "#1"},
				"down": {"uv": [13.875, 2.75, 14.37367, 3.499], "texture": "#1"}
			}
		},
		{
			"name": "wheel",
			"from": [4.845, -2.6125, 13.925],
			"to": [4.9825, 2.5875, 16.125],
			"rotation": {"angle": 0, "axis": "y", "origin": [4.35, -1.65, 19.15]},
			"faces": {
				"north": {"uv": [14.37367, 2.75, 13.875, 3.499], "texture": "#1"},
				"east": {"uv": [5.74833, 0.499, 4.79133, 1.512], "texture": "#1"},
				"south": {"uv": [14.37367, 2.75, 13.875, 3.499], "texture": "#1"},
				"west": {"uv": [5.74833, 0.499, 4.79133, 1.512], "texture": "#1"},
				"up": {"uv": [13.875, 3.499, 14.37367, 2.75], "texture": "#1"},
				"down": {"uv": [13.875, 3.499, 14.37367, 2.75], "texture": "#1"}
			}
		},
		{
			"name": "wheel",
			"from": [11.4175, -2.6125, -7.125],
			"to": [11.555, 2.5875, -4.925],
			"rotation": {"angle": 0, "axis": "y", "origin": [12.05, -1.65, -10.15]},
			"faces": {
				"north": {"uv": [13.875, 2.75, 14.37367, 3.499], "texture": "#1"},
				"east": {"uv": [4.79133, 0.499, 5.74833, 1.512], "texture": "#1"},
				"south": {"uv": [13.875, 2.75, 14.37367, 3.499], "texture": "#1"},
				"west": {"uv": [4.79133, 0.499, 5.74833, 1.512], "texture": "#1"},
				"up": {"uv": [13.875, 2.75, 14.37367, 3.499], "texture": "#1"},
				"down": {"uv": [13.875, 2.75, 14.37367, 3.499], "texture": "#1"}
			}
		},
		{
			"name": "wheel",
			"from": [11.4175, -2.6125, 13.925],
			"to": [11.555, 2.5875, 16.125],
			"rotation": {"angle": 0, "axis": "y", "origin": [12.05, -1.65, 19.15]},
			"faces": {
				"north": {"uv": [14.37367, 2.75, 13.875, 3.499], "texture": "#1"},
				"east": {"uv": [5.74833, 0.499, 4.79133, 1.512], "texture": "#1"},
				"south": {"uv": [14.37367, 2.75, 13.875, 3.499], "texture": "#1"},
				"west": {"uv": [5.74833, 0.499, 4.79133, 1.512], "texture": "#1"},
				"up": {"uv": [13.875, 3.499, 14.37367, 2.75], "texture": "#1"},
				"down": {"uv": [13.875, 3.499, 14.37367, 2.75], "texture": "#1"}
			}
		},
		{
			"name": "wheel",
			"from": [4.845, -2.6125, -11.525],
			"to": [4.9825, 2.5875, -9.325],
			"rotation": {"angle": 0, "axis": "y", "origin": [4.35, -1.65, -14.55]},
			"faces": {
				"north": {"uv": [13.875, 2.75, 14.37367, 3.499], "texture": "#1"},
				"east": {"uv": [4.79133, 0.499, 5.74833, 1.512], "texture": "#1"},
				"south": {"uv": [13.875, 2.75, 14.37367, 3.499], "texture": "#1"},
				"west": {"uv": [4.79133, 0.499, 5.74833, 1.512], "texture": "#1"},
				"up": {"uv": [13.875, 2.75, 14.37367, 3.499], "texture": "#1"},
				"down": {"uv": [13.875, 2.75, 14.37367, 3.499], "texture": "#1"}
			}
		},
		{
			"name": "wheel",
			"from": [4.845, -2.6125, 18.325],
			"to": [4.9825, 2.5875, 20.525],
			"rotation": {"angle": 0, "axis": "y", "origin": [4.35, -1.65, 23.55]},
			"faces": {
				"north": {"uv": [14.37367, 2.75, 13.875, 3.499], "texture": "#1"},
				"east": {"uv": [5.74833, 0.499, 4.79133, 1.512], "texture": "#1"},
				"south": {"uv": [14.37367, 2.75, 13.875, 3.499], "texture": "#1"},
				"west": {"uv": [5.74833, 0.499, 4.79133, 1.512], "texture": "#1"},
				"up": {"uv": [13.875, 3.499, 14.37367, 2.75], "texture": "#1"},
				"down": {"uv": [13.875, 3.499, 14.37367, 2.75], "texture": "#1"}
			}
		},
		{
			"name": "wheel",
			"from": [11.4175, -2.6125, -11.525],
			"to": [11.555, 2.5875, -9.325],
			"rotation": {"angle": 0, "axis": "y", "origin": [12.05, -1.65, -14.55]},
			"faces": {
				"north": {"uv": [13.875, 2.75, 14.37367, 3.499], "texture": "#1"},
				"east": {"uv": [4.79133, 0.499, 5.74833, 1.512], "texture": "#1"},
				"south": {"uv": [13.875, 2.75, 14.37367, 3.499], "texture": "#1"},
				"west": {"uv": [4.79133, 0.499, 5.74833, 1.512], "texture": "#1"},
				"up": {"uv": [13.875, 2.75, 14.37367, 3.499], "texture": "#1"},
				"down": {"uv": [13.875, 2.75, 14.37367, 3.499], "texture": "#1"}
			}
		},
		{
			"name": "wheel",
			"from": [11.4175, -2.6125, 18.325],
			"to": [11.555, 2.5875, 20.525],
			"rotation": {"angle": 0, "axis": "y", "origin": [12.05, -1.65, 23.55]},
			"faces": {
				"north": {"uv": [14.37367, 2.75, 13.875, 3.499], "texture": "#1"},
				"east": {"uv": [5.74833, 0.499, 4.79133, 1.512], "texture": "#1"},
				"south": {"uv": [14.37367, 2.75, 13.875, 3.499], "texture": "#1"},
				"west": {"uv": [5.74833, 0.499, 4.79133, 1.512], "texture": "#1"},
				"up": {"uv": [13.875, 3.499, 14.37367, 2.75], "texture": "#1"},
				"down": {"uv": [13.875, 3.499, 14.37367, 2.75], "texture": "#1"}
			}
		},
		{
			"name": "wheel",
			"from": [4.35, -1.65, -11.25],
			"to": [4.9, 1.9, -5.2],
			"rotation": {"angle": 0, "axis": "y", "origin": [4.35, 0, -13.45]},
			"faces": {
				"north": {"uv": [8.95433, 6.874, 8.12433, 7.86], "texture": "#1"},
				"east": {"uv": [8.95433, 6.874, 8.12433, 7.86], "texture": "#1"},
				"south": {"uv": [8.95433, 6.874, 8.12433, 7.86], "texture": "#1"},
				"west": {"uv": [8.95433, 6.874, 8.12433, 7.86], "texture": "#1"},
				"up": {"uv": [8.95433, 6.874, 8.12433, 7.86], "texture": "#1"},
				"down": {"uv": [8.95433, 6.874, 8.12433, 7.86], "texture": "#1"}
			}
		},
		{
			"name": "wheel",
			"from": [4.35, -1.65, 14.2],
			"to": [4.9, 1.9, 20.25],
			"rotation": {"angle": 0, "axis": "y", "origin": [4.35, 0, 22.45]},
			"faces": {
				"north": {"uv": [8.12433, 6.874, 8.95433, 7.86], "texture": "#1"},
				"east": {"uv": [8.12433, 6.874, 8.95433, 7.86], "texture": "#1"},
				"south": {"uv": [8.12433, 6.874, 8.95433, 7.86], "texture": "#1"},
				"west": {"uv": [8.12433, 6.874, 8.95433, 7.86], "texture": "#1"},
				"up": {"uv": [8.95433, 7.86, 8.12433, 6.874], "texture": "#1"},
				"down": {"uv": [8.95433, 7.86, 8.12433, 6.874], "texture": "#1"}
			}
		},
		{
			"name": "wheel",
			"from": [11.5, -1.65, -11.25],
			"to": [12.05, 1.9, -5.2],
			"rotation": {"angle": 0, "axis": "y", "origin": [12.05, 0, -13.45]},
			"faces": {
				"north": {"uv": [8.95433, 6.874, 8.12433, 7.86], "texture": "#1"},
				"east": {"uv": [8.95433, 6.874, 8.12433, 7.86], "texture": "#1"},
				"south": {"uv": [8.95433, 6.874, 8.12433, 7.86], "texture": "#1"},
				"west": {"uv": [8.95433, 6.874, 8.12433, 7.86], "texture": "#1"},
				"up": {"uv": [8.95433, 6.874, 8.12433, 7.86], "texture": "#1"},
				"down": {"uv": [8.95433, 6.874, 8.12433, 7.86], "texture": "#1"}
			}
		},
		{
			"name": "wheel",
			"from": [11.5, -1.65, 14.2],
			"to": [12.05, 1.9, 20.25],
			"rotation": {"angle": 0, "axis": "y", "origin": [12.05, 0, 22.45]},
			"faces": {
				"north": {"uv": [8.12433, 6.874, 8.95433, 7.86], "texture": "#1"},
				"east": {"uv": [8.12433, 6.874, 8.95433, 7.86], "texture": "#1"},
				"south": {"uv": [8.12433, 6.874, 8.95433, 7.86], "texture": "#1"},
				"west": {"uv": [8.12433, 6.874, 8.95433, 7.86], "texture": "#1"},
				"up": {"uv": [8.95433, 7.86, 8.12433, 6.874], "texture": "#1"},
				"down": {"uv": [8.95433, 7.86, 8.12433, 6.874], "texture": "#1"}
			}
		},
		{
			"name": "wheel",
			"from": [4.35, -2.2, -10.7],
			"to": [4.9, 1.35, -10.15],
			"rotation": {"angle": 0, "axis": "y", "origin": [4.35, -0.55, -12.9]},
			"faces": {
				"north": {"uv": [8.95433, 6.874, 8.12433, 7.86], "texture": "#1"},
				"east": {"uv": [8.95433, 6.874, 8.12433, 7.86], "texture": "#1"},
				"south": {"uv": [8.95433, 6.874, 8.12433, 7.86], "texture": "#1"},
				"west": {"uv": [8.95433, 6.874, 8.12433, 7.86], "texture": "#1"},
				"up": {"uv": [8.95433, 6.874, 8.12433, 7.86], "texture": "#1"},
				"down": {"uv": [8.95433, 6.874, 8.12433, 7.86], "texture": "#1"}
			}
		},
		{
			"name": "wheel",
			"from": [4.35, -2.2, 19.15],
			"to": [4.9, 1.35, 19.7],
			"rotation": {"angle": 0, "axis": "y", "origin": [4.35, -0.55, 21.9]},
			"faces": {
				"north": {"uv": [8.12433, 6.874, 8.95433, 7.86], "texture": "#1"},
				"east": {"uv": [8.12433, 6.874, 8.95433, 7.86], "texture": "#1"},
				"south": {"uv": [8.12433, 6.874, 8.95433, 7.86], "texture": "#1"},
				"west": {"uv": [8.12433, 6.874, 8.95433, 7.86], "texture": "#1"},
				"up": {"uv": [8.95433, 7.86, 8.12433, 6.874], "texture": "#1"},
				"down": {"uv": [8.95433, 7.86, 8.12433, 6.874], "texture": "#1"}
			}
		},
		{
			"name": "wheel",
			"from": [11.5, -2.2, -10.7],
			"to": [12.05, 1.35, -10.15],
			"rotation": {"angle": 0, "axis": "y", "origin": [12.05, -0.55, -12.9]},
			"faces": {
				"north": {"uv": [8.95433, 6.874, 8.12433, 7.86], "texture": "#1"},
				"east": {"uv": [8.95433, 6.874, 8.12433, 7.86], "texture": "#1"},
				"south": {"uv": [8.95433, 6.874, 8.12433, 7.86], "texture": "#1"},
				"west": {"uv": [8.95433, 6.874, 8.12433, 7.86], "texture": "#1"},
				"up": {"uv": [8.95433, 6.874, 8.12433, 7.86], "texture": "#1"},
				"down": {"uv": [8.95433, 6.874, 8.12433, 7.86], "texture": "#1"}
			}
		},
		{
			"name": "wheel",
			"from": [11.5, -2.2, 19.15],
			"to": [12.05, 1.35, 19.7],
			"rotation": {"angle": 0, "axis": "y", "origin": [12.05, -0.55, 21.9]},
			"faces": {
				"north": {"uv": [8.12433, 6.874, 8.95433, 7.86], "texture": "#1"},
				"east": {"uv": [8.12433, 6.874, 8.95433, 7.86], "texture": "#1"},
				"south": {"uv": [8.12433, 6.874, 8.95433, 7.86], "texture": "#1"},
				"west": {"uv": [8.12433, 6.874, 8.95433, 7.86], "texture": "#1"},
				"up": {"uv": [8.95433, 7.86, 8.12433, 6.874], "texture": "#1"},
				"down": {"uv": [8.95433, 7.86, 8.12433, 6.874], "texture": "#1"}
			}
		},
		{
			"name": "wheel",
			"from": [4.35, -2.2, -6.3],
			"to": [4.9, 1.35, -5.75],
			"rotation": {"angle": 0, "axis": "y", "origin": [4.35, -0.55, -8.5]},
			"faces": {
				"north": {"uv": [8.95433, 6.874, 8.12433, 7.86], "texture": "#1"},
				"east": {"uv": [8.95433, 6.874, 8.12433, 7.86], "texture": "#1"},
				"south": {"uv": [8.95433, 6.874, 8.12433, 7.86], "texture": "#1"},
				"west": {"uv": [8.95433, 6.874, 8.12433, 7.86], "texture": "#1"},
				"up": {"uv": [8.95433, 6.874, 8.12433, 7.86], "texture": "#1"},
				"down": {"uv": [8.95433, 6.874, 8.12433, 7.86], "texture": "#1"}
			}
		},
		{
			"name": "wheel",
			"from": [4.35, -2.2, 14.75],
			"to": [4.9, 1.35, 15.3],
			"rotation": {"angle": 0, "axis": "y", "origin": [4.35, -0.55, 17.5]},
			"faces": {
				"north": {"uv": [8.12433, 6.874, 8.95433, 7.86], "texture": "#1"},
				"east": {"uv": [8.12433, 6.874, 8.95433, 7.86], "texture": "#1"},
				"south": {"uv": [8.12433, 6.874, 8.95433, 7.86], "texture": "#1"},
				"west": {"uv": [8.12433, 6.874, 8.95433, 7.86], "texture": "#1"},
				"up": {"uv": [8.95433, 7.86, 8.12433, 6.874], "texture": "#1"},
				"down": {"uv": [8.95433, 7.86, 8.12433, 6.874], "texture": "#1"}
			}
		},
		{
			"name": "wheel",
			"from": [11.5, -2.2, -6.3],
			"to": [12.05, 1.35, -5.75],
			"rotation": {"angle": 0, "axis": "y", "origin": [12.05, -0.55, -8.5]},
			"faces": {
				"north": {"uv": [8.95433, 6.874, 8.12433, 7.86], "texture": "#1"},
				"east": {"uv": [8.95433, 6.874, 8.12433, 7.86], "texture": "#1"},
				"south": {"uv": [8.95433, 6.874, 8.12433, 7.86], "texture": "#1"},
				"west": {"uv": [8.95433, 6.874, 8.12433, 7.86], "texture": "#1"},
				"up": {"uv": [8.95433, 6.874, 8.12433, 7.86], "texture": "#1"},
				"down": {"uv": [8.95433, 6.874, 8.12433, 7.86], "texture": "#1"}
			}
		},
		{
			"name": "wheel",
			"from": [11.5, -2.2, 14.75],
			"to": [12.05, 1.35, 15.3],
			"rotation": {"angle": 0, "axis": "y", "origin": [12.05, -0.55, 17.5]},
			"faces": {
				"north": {"uv": [8.12433, 6.874, 8.95433, 7.86], "texture": "#1"},
				"east": {"uv": [8.12433, 6.874, 8.95433, 7.86], "texture": "#1"},
				"south": {"uv": [8.12433, 6.874, 8.95433, 7.86], "texture": "#1"},
				"west": {"uv": [8.12433, 6.874, 8.95433, 7.86], "texture": "#1"},
				"up": {"uv": [8.95433, 7.86, 8.12433, 6.874], "texture": "#1"},
				"down": {"uv": [8.95433, 7.86, 8.12433, 6.874], "texture": "#1"}
			}
		},
		{
			"name": "wheel",
			"from": [4.35, -1.1, -10.7],
			"to": [12.05, 2.45, -5.75],
			"rotation": {"angle": 0, "axis": "y", "origin": [4.35, 0.55, -13.45]},
			"faces": {
				"north": {"uv": [8.95433, 6.874, 8.12433, 7.86], "texture": "#1"},
				"east": {"uv": [8.95433, 6.874, 8.12433, 7.86], "texture": "#1"},
				"south": {"uv": [8.95433, 6.874, 8.12433, 7.86], "texture": "#1"},
				"west": {"uv": [8.95433, 6.874, 8.12433, 7.86], "texture": "#1"},
				"up": {"uv": [8.95433, 6.874, 8.12433, 7.86], "texture": "#1"},
				"down": {"uv": [8.95433, 6.874, 8.12433, 7.86], "texture": "#1"}
			}
		},
		{
			"name": "wheel",
			"from": [4.35, -1.1, 14.75],
			"to": [12.05, 2.45, 19.7],
			"rotation": {"angle": 0, "axis": "y", "origin": [4.35, 0.55, 22.45]},
			"faces": {
				"north": {"uv": [8.12433, 6.874, 8.95433, 7.86], "texture": "#1"},
				"east": {"uv": [8.12433, 6.874, 8.95433, 7.86], "texture": "#1"},
				"south": {"uv": [8.12433, 6.874, 8.95433, 7.86], "texture": "#1"},
				"west": {"uv": [8.12433, 6.874, 8.95433, 7.86], "texture": "#1"},
				"up": {"uv": [8.95433, 7.86, 8.12433, 6.874], "texture": "#1"},
				"down": {"uv": [8.95433, 7.86, 8.12433, 6.874], "texture": "#1"}
			}
		},
		{
			"name": "wheel",
			"from": [5.45, -2.2, -9.6],
			"to": [10.95, 3, -6.85],
			"rotation": {"angle": 0, "axis": "y", "origin": [4.35, 0, -13.45]},
			"faces": {
				"north": {"uv": [7.54, 7.999, 6.79133, 8.863], "texture": "#1"},
				"east": {"uv": [7.54, 7.999, 6.79133, 8.863], "texture": "#1"},
				"south": {"uv": [7.54, 7.999, 6.79133, 8.863], "texture": "#1"},
				"west": {"uv": [7.54, 7.999, 6.79133, 8.863], "texture": "#1"},
				"up": {"uv": [7.54, 7.999, 6.79133, 8.863], "texture": "#1"},
				"down": {"uv": [7.54, 7.999, 6.79133, 8.863], "texture": "#1"}
			}
		},
		{
			"name": "wheel",
			"from": [5.45, -2.2, 15.85],
			"to": [10.95, 3, 18.6],
			"rotation": {"angle": 0, "axis": "y", "origin": [4.35, 0, 22.45]},
			"faces": {
				"north": {"uv": [6.79133, 7.999, 7.54, 8.863], "texture": "#1"},
				"east": {"uv": [6.79133, 7.999, 7.54, 8.863], "texture": "#1"},
				"south": {"uv": [6.79133, 7.999, 7.54, 8.863], "texture": "#1"},
				"west": {"uv": [6.79133, 7.999, 7.54, 8.863], "texture": "#1"},
				"up": {"uv": [7.54, 8.863, 6.79133, 7.999], "texture": "#1"},
				"down": {"uv": [7.54, 8.863, 6.79133, 7.999], "texture": "#1"}
			}
		},
		{
			"name": "face",
			"from": [-1.2, 3, -15.65],
			"to": [17.6, 22.45, -15.65],
			"rotation": {"angle": 0, "axis": "y", "origin": [7.1, 5.75, -17.85]},
			"faces": {
				"north": {"uv": [0, 1.497, 5.477, 7.056], "texture": "#1"},
				"east": {"uv": [0, 0, 0.83333, 1.5], "texture": "#1"},
				"south": {"uv": [0, 0, 0.624, 1.498], "texture": "#1"},
				"west": {"uv": [0, 0, 1.16667, 1.75], "texture": "#1"},
				"up": {"uv": [0, 1.688, 1.33333, 3.188], "texture": "#1"},
				"down": {"uv": [9.37333, 6.874, 8.625, 7.737], "texture": "#1"}
			}
		},
		{
			"name": "roof",
			"from": [-1.09, 20.35, -15.5],
			"to": [9.35, 20.7625, 22.75],
			"rotation": {"angle": 0, "axis": "y", "origin": [4.35, 21.35, -16.75]},
			"faces": {
				"north": {"uv": [9.37333, 6.874, 8.625, 7.737], "texture": "#1"},
				"east": {"uv": [9.37333, 6.874, 8.625, 7.737], "texture": "#1"},
				"south": {"uv": [9.37333, 6.874, 8.625, 7.737], "texture": "#1"},
				"west": {"uv": [8.95433, 6.874, 8.12433, 7.86], "texture": "#1"},
				"up": {"uv": [9.37333, 6.874, 8.625, 7.737], "texture": "#1"},
				"down": {"uv": [9.37333, 6.874, 8.625, 7.737], "texture": "#1"}
			}
		},
		{
			"name": "roof",
			"from": [-0.5, 20.625, -15.5],
			"to": [9.5, 21.375, 22.75],
			"rotation": {"angle": 0, "axis": "y", "origin": [4.35, 21.9, -16.75]},
			"faces": {
				"north": {"uv": [9.37333, 6.874, 8.625, 7.737], "texture": "#1"},
				"east": {"uv": [9.37333, 6.874, 8.625, 7.737], "texture": "#1"},
				"south": {"uv": [9.37333, 6.874, 8.625, 7.737], "texture": "#1"},
				"west": {"uv": [8.95433, 6.874, 8.12433, 7.86], "texture": "#1"},
				"up": {"uv": [9.37333, 6.874, 8.625, 7.737], "texture": "#1"},
				"down": {"uv": [9.37333, 6.874, 8.625, 7.737], "texture": "#1"}
			}
		},
		{
			"name": "roof",
			"from": [0.4875, 20.9, -15.5],
			"to": [16.0375, 22.318, 22.75],
			"rotation": {"angle": 0, "axis": "y", "origin": [4.9, 22.45, -16.75]},
			"faces": {
				"north": {"uv": [7.54, 7.999, 6.79133, 8.863], "texture": "#1"},
				"east": {"uv": [7.54, 7.999, 6.79133, 8.863], "texture": "#1"},
				"south": {"uv": [7.54, 7.999, 6.79133, 8.863], "texture": "#1"},
				"west": {"uv": [7.54, 7.999, 6.79133, 8.863], "texture": "#1"},
				"up": {"uv": [7.57833, 7.999, 6.91633, 8.74], "texture": "#1"},
				"down": {"uv": [7.54, 7.999, 6.79133, 8.863], "texture": "#1"}
			}
		},
		{
			"name": "roof",
			"from": [7, 20.35, -15.5],
			"to": [17.44, 20.7625, 22.75],
			"rotation": {"angle": 0, "axis": "y", "origin": [11.65, 21.35, -16.75]},
			"faces": {
				"north": {"uv": [9.37333, 6.874, 8.625, 7.737], "texture": "#1"},
				"east": {"uv": [8.95433, 6.874, 8.12433, 7.86], "texture": "#1"},
				"south": {"uv": [9.37333, 6.874, 8.625, 7.737], "texture": "#1"},
				"west": {"uv": [9.37333, 6.874, 8.625, 7.737], "texture": "#1"},
				"up": {"uv": [9.37333, 6.874, 8.625, 7.737], "texture": "#1"},
				"down": {"uv": [9.37333, 6.874, 8.625, 7.737], "texture": "#1"}
			}
		},
		{
			"name": "roof",
			"from": [7, 20.625, -15.5],
			"to": [17, 21.375, 22.75],
			"rotation": {"angle": 0, "axis": "y", "origin": [11.65, 21.9, -16.75]},
			"faces": {
				"north": {"uv": [9.37333, 6.874, 8.625, 7.737], "texture": "#1"},
				"east": {"uv": [8.95433, 6.874, 8.12433, 7.86], "texture": "#1"},
				"south": {"uv": [9.37333, 6.874, 8.625, 7.737], "texture": "#1"},
				"west": {"uv": [9.37333, 6.874, 8.625, 7.737], "texture": "#1"},
				"up": {"uv": [9.37333, 6.874, 8.625, 7.737], "texture": "#1"},
				"down": {"uv": [9.37333, 6.874, 8.625, 7.737], "texture": "#1"}
			}
		},
		{
			"name": "roof",
			"from": [3.45, 21.45, 6.5],
			"to": [12.95, 24.55, 19],
			"rotation": {"angle": 0, "axis": "y", "origin": [8.2, 22.45, 30.45]},
			"faces": {
				"north": {"uv": [9.749, 1.497, 10.42, 1.862], "texture": "#1"},
				"east": {"uv": [8.499, 1.498, 8.88, 1.992], "texture": "#1"},
				"south": {"uv": [9.749, 1.497, 10.42, 1.862], "texture": "#1"},
				"west": {"uv": [8.499, 1.498, 8.88, 1.992], "texture": "#1"},
				"up": {"uv": [8.36933, 8.248, 6.91633, 8.738], "texture": "#1"},
				"down": {"uv": [5.734, 0.583, 10.74067, 1.369], "texture": "#1"}
			}
		},
		{
			"name": "wall",
			"from": [17.325, 3.55, -15.65],
			"to": [17.6, 20.405, -14],
			"rotation": {"angle": 0, "axis": "y", "origin": [17.05, 3.55, -18.4]},
			"faces": {
				"north": {"uv": [0, 15, 0.33333, 16], "texture": "#0"},
				"east": {"uv": [0, 4.249, 0.62433, 9.998], "texture": "#0"},
				"south": {"uv": [1.29, 4.373, 0, 4.617], "texture": "#0"},
				"west": {"uv": [0, 0, 0.33333, 8], "texture": "#0"},
				"up": {"uv": [9.37333, 6.874, 8.625, 7.737], "texture": "#1"},
				"down": {"uv": [1.29, 4.373, 0, 4.617], "texture": "#0"}
			}
		},
		{
			"name": "wall",
			"from": [17.325, 3.55, -11.8],
			"to": [17.6, 20.405, -8.5],
			"rotation": {"angle": 0, "axis": "y", "origin": [17.05, 3.55, -11.8]},
			"faces": {
				"north": {"uv": [0, 15, 0.33333, 16], "texture": "#0"},
				"east": {"uv": [0, 4.249, 0.62433, 9.998], "texture": "#0"},
				"south": {"uv": [1.29, 4.373, 0, 4.617], "texture": "#0"},
				"west": {"uv": [15.99967, 0, 10, 4.622], "texture": "#0"},
				"up": {"uv": [9.37333, 6.874, 8.625, 7.737], "texture": "#1"},
				"down": {"uv": [0, 15, 0.33333, 16], "texture": "#0"}
			}
		},
		{
			"name": "wall",
			"from": [17.325, 3.55, 17.2],
			"to": [17.6, 20.405, 22.8],
			"rotation": {"angle": 0, "axis": "y", "origin": [17.05, 3.55, 17.2]},
			"faces": {
				"north": {"uv": [1.29, 4.373, 0, 4.617], "texture": "#0"},
				"east": {"uv": [16, 4.249, 9.95833, 9.998], "texture": "#0"},
				"south": {"uv": [1.29, 4.373, 0, 4.617], "texture": "#0"},
				"west": {"uv": [15.99967, 0, 10, 4.622], "texture": "#0"},
				"up": {"uv": [9.37333, 6.874, 8.625, 7.737], "texture": "#1"},
				"down": {"uv": [1.29, 4.373, 0, 4.617], "texture": "#0"}
			}
		},
		{
			"name": "wall",
			"from": [17.325, 3.55, -4.1],
			"to": [17.6, 20.405, 12.95],
			"rotation": {"angle": 0, "axis": "y", "origin": [17.05, 3.55, -4.65]},
			"faces": {
				"north": {"uv": [1.29, 4.373, 0, 4.617], "texture": "#0"},
				"east": {"uv": [9.74933, 4.249, 0, 9.998], "texture": "#0"},
				"south": {"uv": [1.29, 4.373, 0, 4.617], "texture": "#0"},
				"west": {"uv": [9.749, 0, 0, 4.62], "texture": "#0"},
				"up": {"uv": [9.37333, 6.874, 8.625, 7.737], "texture": "#1"},
				"down": {"uv": [1.29, 4.373, 0, 4.617], "texture": "#0"}
			}
		},
		{
			"name": "wall",
			"from": [17.325, 17.7, -8.5],
			"to": [17.6, 20.405, -4.1],
			"rotation": {"angle": 0, "axis": "y", "origin": [17.6, 19.25, -5.2]},
			"faces": {
				"north": {"uv": [0, 10.25, 0.33333, 11.25], "texture": "#0"},
				"east": {"uv": [1.29, 4.373, 0, 4.617], "texture": "#0"},
				"south": {"uv": [0, 10.25, 0.33333, 11.25], "texture": "#0"},
				"west": {"uv": [1.10267, 0.06, 0, 3.117], "texture": "#0"},
				"up": {"uv": [9.37333, 6.874, 8.625, 7.737], "texture": "#1"},
				"down": {"uv": [1.29, 4.373, 0, 4.617], "texture": "#0"}
			}
		},
		{
			"name": "wall",
			"from": [17.325, 17.7, -14],
			"to": [17.6, 20.405, -11.8],
			"rotation": {"angle": 0, "axis": "y", "origin": [17.6, 19.25, -10.7]},
			"faces": {
				"north": {"uv": [0, 10.25, 0.33333, 11.25], "texture": "#0"},
				"east": {"uv": [1.29, 4.373, 0, 4.617], "texture": "#0"},
				"south": {"uv": [0, 10.25, 0.33333, 11.25], "texture": "#0"},
				"west": {"uv": [1.29, 4.373, 0, 4.617], "texture": "#0"},
				"up": {"uv": [9.37333, 6.874, 8.625, 7.737], "texture": "#1"},
				"down": {"uv": [1.29, 4.373, 0, 4.617], "texture": "#0"}
			}
		},
		{
			"name": "wall",
			"from": [17.325, 17.7, 12.95],
			"to": [17.6, 20.405, 17.35],
			"rotation": {"angle": 0, "axis": "y", "origin": [17.6, 19.25, 17.9]},
			"faces": {
				"north": {"uv": [0, 10.25, 0.33333, 11.25], "texture": "#0"},
				"east": {"uv": [1.29, 4.373, 0, 4.617], "texture": "#0"},
				"south": {"uv": [0, 10.25, 0.33333, 11.25], "texture": "#0"},
				"west": {"uv": [1.10267, 0.06, 0, 3.117], "texture": "#0"},
				"up": {"uv": [9.37333, 6.874, 8.625, 7.737], "texture": "#1"},
				"down": {"uv": [1.29, 4.373, 0, 4.617], "texture": "#0"}
			}
		},
		{
			"name": "wall",
			"from": [-1.2, 3, 22.2555],
			"to": [17.6, 22.45, 22.8055],
			"rotation": {"angle": 0, "axis": "y", "origin": [8.2, 3.55, 22.25]},
			"faces": {
				"north": {"uv": [7.79133, 3.55, 11.958, 7.918], "texture": "#1"},
				"east": {"uv": [0, 0, 0.457, 0.87], "texture": "#1"},
				"south": {"uv": [7.79133, 3.55, 11.958, 7.918], "texture": "#1"},
				"west": {"uv": [0, 0, 0.457, 0.87], "texture": "#1"},
				"up": {"uv": [0, 0, 0.457, 0.87], "texture": "#1"},
				"down": {"uv": [12.75, 14.25, 11.5, 15.75], "texture": "#1"}
			}
		},
		{
			"name": "wall",
			"from": [-1.2, 3, -11.2445],
			"to": [17.6, 21.45, -10.6945],
			"rotation": {"angle": 0, "axis": "y", "origin": [8.2, 3.55, -11.25]},
			"faces": {
				"north": {"uv": [7.75, 3.499, 11.999, 7.868], "texture": "#1"},
				"east": {"uv": [0, 0, 0.624, 1.498], "texture": "#1"},
				"south": {"uv": [7.75, 3.499, 11.999, 7.868], "texture": "#1"},
				"west": {"uv": [0, 0, 0.624, 1.498], "texture": "#1"},
				"up": {"uv": [0, 0, 0.624, 1.498], "texture": "#1"},
				"down": {"uv": [11.5, 14.25, 12.75, 15.75], "texture": "#1"}
			}
		},
		{
			"from": [4, 3.55, 22.75],
			"to": [4.55, 19.25, 24.4],
			"rotation": {"angle": 0, "axis": "y", "origin": [4, 3, 22.8]},
			"faces": {
				"north": {"uv": [12.75, 1.75, 13.33333, 2.499], "texture": "#1"},
				"east": {"uv": [8.49933, 1.75, 8.915, 1.995], "texture": "#1"},
				"south": {"uv": [7.54, 7.999, 6.79133, 8.863], "texture": "#1"},
				"west": {"uv": [8.49933, 1.75, 8.915, 1.995], "texture": "#1"},
				"up": {"uv": [8.95433, 6.874, 8.12433, 7.86], "texture": "#1"},
				"down": {"uv": [8.95433, 6.874, 8.12433, 7.86], "texture": "#1"}
			}
		},
		{
			"from": [11.85, 3.55, 22.75],
			"to": [12.4, 19.25, 24.4],
			"rotation": {"angle": 0, "axis": "y", "origin": [11.85, 3, 23.8]},
			"faces": {
				"north": {"uv": [12.75, 1.75, 13.33333, 2.499], "texture": "#1"},
				"east": {"uv": [8.49933, 1.75, 8.915, 1.995], "texture": "#1"},
				"south": {"uv": [7.54, 7.999, 6.79133, 8.863], "texture": "#1"},
				"west": {"uv": [8.49933, 1.75, 8.915, 1.995], "texture": "#1"},
				"up": {"uv": [8.95433, 6.874, 8.12433, 7.86], "texture": "#1"},
				"down": {"uv": [8.95433, 6.874, 8.12433, 7.86], "texture": "#1"}
			}
		},
		{
			"from": [4.55, 19.25, 22.75],
			"to": [11.85, 19.8, 24.4],
			"rotation": {"angle": 0, "axis": "y", "origin": [9.85, 15.4, 23.8]},
			"faces": {
				"north": {"uv": [12.75, 1.75, 13.33333, 2.499], "texture": "#1"},
				"east": {"uv": [7.54, 7.999, 6.79133, 8.863], "texture": "#1"},
				"south": {"uv": [7.54, 7.999, 6.79133, 8.863], "texture": "#1"},
				"west": {"uv": [7.54, 7.999, 6.79133, 8.863], "texture": "#1"},
				"up": {"uv": [7.54, 7.999, 6.79133, 8.863], "texture": "#1"},
				"down": {"uv": [7.54, 7.999, 6.79133, 8.863], "texture": "#1"}
			}
		},
		{
			"from": [4.55, 3, 22.75],
			"to": [11.85, 3.55, 24.4],
			"rotation": {"angle": 0, "axis": "y", "origin": [9.85, -0.85, 23.8]},
			"faces": {
				"north": {"uv": [12.75, 1.75, 13.33333, 2.499], "texture": "#1"},
				"east": {"uv": [7.54, 7.999, 6.79133, 8.863], "texture": "#1"},
				"south": {"uv": [7.54, 7.999, 6.79133, 8.863], "texture": "#1"},
				"west": {"uv": [7.54, 7.999, 6.79133, 8.863], "texture": "#1"},
				"up": {"uv": [7.54, 7.999, 6.79133, 8.863], "texture": "#1"},
				"down": {"uv": [7.54, 7.999, 6.79133, 8.863], "texture": "#1"}
			}
		},
		{
			"name": "wall",
			"from": [-1.25, 3.55, 17.2],
			"to": [-0.975, 20.405, 22.8],
			"rotation": {"angle": 0, "axis": "y", "origin": [-0.05, 3.55, 17.2]},
			"faces": {
				"north": {"uv": [1.29, 4.373, 0, 4.617], "texture": "#0"},
				"east": {"uv": [15.99967, 0, 10, 4.622], "texture": "#0"},
				"south": {"uv": [1.29, 4.373, 0, 4.617], "texture": "#0"},
				"west": {"uv": [16, 4.249, 9.95833, 9.998], "texture": "#0"},
				"up": {"uv": [9.37333, 6.874, 8.625, 7.737], "texture": "#1"},
				"down": {"uv": [1.29, 4.373, 0, 4.617], "texture": "#0"}
			}
		},
		{
			"name": "wall",
			"from": [-1.25, 17.7, 12.95],
			"to": [-0.975, 20.405, 17.35],
			"rotation": {"angle": 0, "axis": "y", "origin": [-0.6, 19.25, 17.9]},
			"faces": {
				"north": {"uv": [0.33333, 10.25, 0, 11.25], "texture": "#0"},
				"east": {"uv": [1.10267, 0.06, 0, 3.117], "texture": "#0"},
				"south": {"uv": [0.33333, 10.25, 0, 11.25], "texture": "#0"},
				"west": {"uv": [1.29, 4.373, 0, 4.617], "texture": "#0"},
				"up": {"uv": [9.37333, 6.874, 8.625, 7.737], "texture": "#1"},
				"down": {"uv": [1.29, 4.373, 0, 4.617], "texture": "#0"}
			}
		},
		{
			"name": "wall",
			"from": [-1.25, 3.55, -4.1],
			"to": [-0.975, 20.405, 12.95],
			"rotation": {"angle": 0, "axis": "y", "origin": [-0.05, 3.55, -4.65]},
			"faces": {
				"north": {"uv": [1.29, 4.373, 0, 4.617], "texture": "#0"},
				"east": {"uv": [9.749, 0, 0, 4.62], "texture": "#0"},
				"south": {"uv": [1.29, 4.373, 0, 4.617], "texture": "#0"},
				"west": {"uv": [9.74933, 4.249, 0, 9.998], "texture": "#0"},
				"up": {"uv": [9.37333, 6.874, 8.625, 7.737], "texture": "#1"},
				"down": {"uv": [1.29, 4.373, 0, 4.617], "texture": "#0"}
			}
		},
		{
			"name": "wall",
			"from": [-1.25, 17.7, -8.5],
			"to": [-0.975, 20.405, -4.1],
			"rotation": {"angle": 0, "axis": "y", "origin": [-0.6, 19.25, -5.2]},
			"faces": {
				"north": {"uv": [0.33333, 10.25, 0, 11.25], "texture": "#0"},
				"east": {"uv": [1.10267, 0.06, 0, 3.117], "texture": "#0"},
				"south": {"uv": [0.33333, 10.25, 0, 11.25], "texture": "#0"},
				"west": {"uv": [1.29, 4.373, 0, 4.617], "texture": "#0"},
				"up": {"uv": [9.37333, 6.874, 8.625, 7.737], "texture": "#1"},
				"down": {"uv": [1.29, 4.373, 0, 4.617], "texture": "#0"}
			}
		},
		{
			"name": "wall",
			"from": [-1.25, 3.55, -11.8],
			"to": [-0.975, 20.405, -8.5],
			"rotation": {"angle": 0, "axis": "y", "origin": [-0.05, 3.55, -11.8]},
			"faces": {
				"north": {"uv": [1.29, 4.373, 0, 4.617], "texture": "#0"},
				"east": {"uv": [0.33333, 0, 0, 8], "texture": "#0"},
				"south": {"uv": [1.29, 4.373, 0, 4.617], "texture": "#0"},
				"west": {"uv": [0, 4.249, 0.62433, 9.998], "texture": "#0"},
				"up": {"uv": [9.37333, 6.874, 8.625, 7.737], "texture": "#1"},
				"down": {"uv": [1.29, 4.373, 0, 4.617], "texture": "#0"}
			}
		},
		{
			"name": "wall",
			"from": [-1.25, 3.55, -15.65],
			"to": [-0.975, 20.405, -14],
			"rotation": {"angle": 0, "axis": "y", "origin": [-0.05, 3.55, -18.4]},
			"faces": {
				"north": {"uv": [0.33333, 15, 0, 16], "texture": "#0"},
				"east": {"uv": [0.33333, 0, 0, 8], "texture": "#0"},
				"south": {"uv": [1.29, 4.373, 0, 4.617], "texture": "#0"},
				"west": {"uv": [0, 4.249, 0.62433, 9.998], "texture": "#0"},
				"up": {"uv": [9.37333, 6.874, 8.625, 7.737], "texture": "#1"},
				"down": {"uv": [1.29, 4.373, 0, 4.617], "texture": "#0"}
			}
		},
		{
			"name": "wall",
			"from": [-1.25, 17.7, -14],
			"to": [-0.975, 20.405, -11.8],
			"rotation": {"angle": 0, "axis": "y", "origin": [-0.6, 19.25, -10.7]},
			"faces": {
				"north": {"uv": [0.33333, 10.25, 0, 11.25], "texture": "#0"},
				"east": {"uv": [1.29, 4.373, 0, 4.617], "texture": "#0"},
				"south": {"uv": [0.33333, 10.25, 0, 11.25], "texture": "#0"},
				"west": {"uv": [1.29, 4.373, 0, 4.617], "texture": "#0"},
				"up": {"uv": [9.37333, 6.874, 8.625, 7.737], "texture": "#1"},
				"down": {"uv": [1.29, 4.373, 0, 4.617], "texture": "#0"}
			}
		},
		{
			"name": "chair",
			"from": [17.1875, 5.1, 2.775],
			"to": [17.325, 9.575, 12.675],
			"rotation": {"angle": 0, "axis": "y", "origin": [17.6, 5.65, 6.35]},
			"faces": {
				"north": {"uv": [7.5, 11.25, 10.125, 11.375], "texture": "#1"},
				"east": {"uv": [12.249, 1.999, 7.79133, 3.368], "texture": "#1"},
				"south": {"uv": [8.99833, 1.999, 7.99933, 3.368], "texture": "#1"},
				"west": {"uv": [12.249, 1.999, 7.79133, 3.368], "texture": "#1"},
				"up": {"uv": [7.70833, 3.499, 6.58333, 7.873], "texture": "#1"},
				"down": {"uv": [7.5, 11.5, 10.04167, 13.875], "texture": "#1"}
			}
		},
		{
			"name": "chair",
			"from": [-0.925, 5.1, 2.775],
			"to": [-0.7875, 9.575, 12.675],
			"rotation": {"angle": 0, "axis": "y", "origin": [-1.2, 5.65, 6.35]},
			"faces": {
				"north": {"uv": [10.125, 11.25, 7.5, 11.375], "texture": "#1"},
				"east": {"uv": [12.08133, 1.999, 7.74933, 3.368], "texture": "#1"},
				"south": {"uv": [8.99833, 1.999, 7.99933, 3.368], "texture": "#1"},
				"west": {"uv": [12.08133, 1.999, 7.74933, 3.368], "texture": "#1"},
				"up": {"uv": [7.70833, 3.499, 6.58333, 7.873], "texture": "#1"},
				"down": {"uv": [10.04167, 11.5, 7.5, 13.875], "texture": "#1"}
			}
		},
		{
			"name": "chair",
			"from": [13.125, 5.1, 2.775],
			"to": [17.325, 5.65, 12.675],
			"rotation": {"angle": 0, "axis": "y", "origin": [16.5, 5.1, 6.35]},
			"faces": {
				"north": {"uv": [7.5, 11.375, 10.125, 14], "texture": "#1"},
				"east": {"uv": [15.99733, 3.672, 10.12233, 6.297], "texture": "#1"},
				"south": {"uv": [8.99833, 1.999, 7.99933, 3.368], "texture": "#1"},
				"west": {"uv": [12.249, 1.999, 7.79133, 3.368], "texture": "#1"},
				"up": {"uv": [7.70833, 3.499, 6.58333, 7.873], "texture": "#1"},
				"down": {"uv": [7.70833, 3.499, 6.58333, 7.873], "texture": "#1"}
			}
		},
		{
			"name": "chair",
			"from": [-0.925, 5.1, 2.775],
			"to": [3.275, 5.65, 12.675],
			"rotation": {"angle": 0, "axis": "y", "origin": [-0.1, 5.1, 6.35]},
			"faces": {
				"north": {"uv": [10.125, 11.375, 7.5, 14], "texture": "#1"},
				"east": {"uv": [12.249, 1.999, 7.79133, 3.368], "texture": "#1"},
				"south": {"uv": [8.99833, 1.999, 7.99933, 3.368], "texture": "#1"},
				"west": {"uv": [10.12233, 3.917, 15.99733, 6.051], "texture": "#1"},
				"up": {"uv": [7.70833, 3.499, 6.58333, 7.873], "texture": "#1"},
				"down": {"uv": [7.70833, 3.499, 6.58333, 7.873], "texture": "#1"}
			}
		},
		{
			"name": "chair",
			"from": [13.125, 5.1, -3.825],
			"to": [17.325, 5.65, 2.775],
			"rotation": {"angle": 0, "axis": "y", "origin": [16.5, 5.1, -3.55]},
			"faces": {
				"north": {"uv": [8.99833, 1.999, 7.99933, 3.368], "texture": "#1"},
				"east": {"uv": [15.99733, 3.672, 10.12233, 6.297], "texture": "#1"},
				"south": {"uv": [7.5, 11.375, 10.125, 14], "texture": "#1"},
				"west": {"uv": [10.58133, 2.998, 7.79133, 3.49], "texture": "#1"},
				"up": {"uv": [7.70833, 3.625, 6.58333, 6.499], "texture": "#1"},
				"down": {"uv": [7.70833, 3.625, 6.58333, 6.499], "texture": "#1"}
			}
		},
		{
			"name": "chair",
			"from": [-0.925, 5.1, -3.825],
			"to": [3.275, 5.65, 2.775],
			"rotation": {"angle": 0, "axis": "y", "origin": [-0.1, 5.1, -3.55]},
			"faces": {
				"north": {"uv": [8.99833, 1.999, 7.99933, 3.368], "texture": "#1"},
				"east": {"uv": [10.74567, 2.997, 7.95767, 3.486], "texture": "#1"},
				"south": {"uv": [10.125, 11.375, 7.5, 14], "texture": "#1"},
				"west": {"uv": [10.12233, 3.917, 15.99733, 6.051], "texture": "#1"},
				"up": {"uv": [7.70833, 3.625, 6.58333, 6.499], "texture": "#1"},
				"down": {"uv": [7.70833, 3.625, 6.58333, 6.499], "texture": "#1"}
			}
		},
		{
			"name": "chair",
			"from": [17.1875, 5.1, -3.825],
			"to": [17.325, 9.575, 2.775],
			"rotation": {"angle": 0, "axis": "y", "origin": [17.6, 5.65, -3.55]},
			"faces": {
				"north": {"uv": [8.99833, 1.999, 7.99933, 3.368], "texture": "#1"},
				"east": {"uv": [10.58133, 2.998, 7.79133, 3.49], "texture": "#1"},
				"south": {"uv": [7.5, 11.25, 10.125, 11.375], "texture": "#1"},
				"west": {"uv": [10.58133, 2.998, 7.79133, 3.49], "texture": "#1"},
				"up": {"uv": [7.70833, 3.625, 6.58333, 6.499], "texture": "#1"},
				"down": {"uv": [7.5, 11.5, 10.04167, 13.875], "texture": "#1"}
			}
		},
		{
			"name": "chair",
			"from": [-0.925, 5.1, -3.825],
			"to": [-0.7875, 9.575, 2.775],
			"rotation": {"angle": 0, "axis": "y", "origin": [-1.2, 5.65, -3.55]},
			"faces": {
				"north": {"uv": [8.99833, 1.999, 7.99933, 3.368], "texture": "#1"},
				"east": {"uv": [10.74567, 2.997, 7.95767, 3.486], "texture": "#1"},
				"south": {"uv": [10.125, 11.25, 7.5, 11.375], "texture": "#1"},
				"west": {"uv": [10.74567, 2.997, 7.95767, 3.486], "texture": "#1"},
				"up": {"uv": [7.70833, 3.625, 6.58333, 6.499], "texture": "#1"},
				"down": {"uv": [10.04167, 11.5, 7.5, 13.875], "texture": "#1"}
			}
		},
		{
			"name": "door",
			"from": [17.4625, 3.55, 12.95],
			"to": [17.5725, 17.7, 15.15],
			"rotation": {"angle": 0, "axis": "y", "origin": [17.05, 3.55, 12.4]},
			"faces": {
				"north": {"uv": [14.939, 15.184, 15.652, 16], "texture": "#1"},
				"east": {"uv": [10.74933, 7.999, 11.289, 8.949], "texture": "#1"},
				"south": {"uv": [14.939, 15.184, 15.652, 16], "texture": "#1"},
				"west": {"uv": [11.45767, 7.999, 11.95633, 8.997], "texture": "#1"},
				"up": {"uv": [14.939, 15.184, 15.652, 16], "texture": "#1"},
				"down": {"uv": [14.939, 15.184, 15.652, 16], "texture": "#1"}
			}
		},
		{
			"name": "door",
			"from": [17.4625, 3.55, -6.3],
			"to": [17.5725, 17.7, -4.1],
			"rotation": {"angle": 0, "axis": "y", "origin": [17.05, 3.55, -6.85]},
			"faces": {
				"north": {"uv": [14.939, 15.184, 15.652, 16], "texture": "#1"},
				"east": {"uv": [10.74933, 7.999, 11.289, 8.949], "texture": "#1"},
				"south": {"uv": [14.939, 15.184, 15.652, 16], "texture": "#1"},
				"west": {"uv": [11.45767, 7.999, 11.95633, 8.997], "texture": "#1"},
				"up": {"uv": [14.939, 15.184, 15.652, 16], "texture": "#1"},
				"down": {"uv": [14.939, 15.184, 15.652, 16], "texture": "#1"}
			}
		},
		{
			"name": "door",
			"from": [17.4625, 3.55, -8.5],
			"to": [17.5725, 17.7, -6.3],
			"rotation": {"angle": 0, "axis": "y", "origin": [17.05, 3.55, -9.05]},
			"faces": {
				"north": {"uv": [14.939, 15.184, 15.652, 16], "texture": "#1"},
				"east": {"uv": [10.74933, 7.999, 11.289, 8.949], "texture": "#1"},
				"south": {"uv": [14.939, 15.184, 15.652, 16], "texture": "#1"},
				"west": {"uv": [11.45767, 7.999, 11.95633, 8.997], "texture": "#1"},
				"up": {"uv": [14.939, 15.184, 15.652, 16], "texture": "#1"},
				"down": {"uv": [14.939, 15.184, 15.652, 16], "texture": "#1"}
			}
		},
		{
			"name": "door",
			"from": [17.4625, 3.55, -14],
			"to": [17.5725, 17.7, -11.8],
			"rotation": {"angle": 0, "axis": "y", "origin": [17.05, 3.55, -12.35]},
			"faces": {
				"north": {"uv": [14.939, 15.184, 15.652, 16], "texture": "#1"},
				"east": {"uv": [11.45767, 7.999, 11.95633, 8.997], "texture": "#1"},
				"south": {"uv": [14.939, 15.184, 15.652, 16], "texture": "#1"},
				"west": {"uv": [11.45767, 7.999, 11.95633, 8.997], "texture": "#1"},
				"up": {"uv": [14.939, 15.184, 15.652, 16], "texture": "#1"},
				"down": {"uv": [14.939, 15.184, 15.652, 16], "texture": "#1"}
			}
		},
		{
			"name": "door",
			"from": [17.4625, 3.55, 15.15],
			"to": [17.5725, 17.7, 17.35],
			"rotation": {"angle": 0, "axis": "y", "origin": [17.05, 3.55, 14.6]},
			"faces": {
				"north": {"uv": [14.939, 15.184, 15.652, 16], "texture": "#1"},
				"east": {"uv": [10.74933, 7.999, 11.289, 8.949], "texture": "#1"},
				"south": {"uv": [14.939, 15.184, 15.652, 16], "texture": "#1"},
				"west": {"uv": [11.45767, 7.999, 11.95633, 8.997], "texture": "#1"},
				"up": {"uv": [14.939, 15.184, 15.652, 16], "texture": "#1"},
				"down": {"uv": [14.939, 15.184, 15.652, 16], "texture": "#1"}
			}
		},
		{
			"name": "door",
			"from": [-1.25, 3.55, -14],
			"to": [-1.14, 17.7, -11.8],
			"rotation": {"angle": 0, "axis": "y", "origin": [-0.05, 3.55, -12.35]},
			"faces": {
				"north": {"uv": [15.652, 15.184, 14.939, 16], "texture": "#1"},
				"east": {"uv": [11.45767, 7.999, 11.95633, 8.997], "texture": "#1"},
				"south": {"uv": [15.652, 15.184, 14.939, 16], "texture": "#1"},
				"west": {"uv": [11.45767, 7.999, 11.95633, 8.997], "texture": "#1"},
				"up": {"uv": [15.652, 15.184, 14.939, 16], "texture": "#1"},
				"down": {"uv": [15.652, 15.184, 14.939, 16], "texture": "#1"}
			}
		},
		{
			"name": "door",
			"from": [-1.25, 3.55, -8.5],
			"to": [-1.14, 17.7, -6.3],
			"rotation": {"angle": 0, "axis": "y", "origin": [-0.05, 3.55, -9.05]},
			"faces": {
				"north": {"uv": [15.652, 15.184, 14.939, 16], "texture": "#1"},
				"east": {"uv": [11.45767, 7.999, 11.95633, 8.997], "texture": "#1"},
				"south": {"uv": [15.652, 15.184, 14.939, 16], "texture": "#1"},
				"west": {"uv": [10.74933, 7.999, 11.289, 8.949], "texture": "#1"},
				"up": {"uv": [15.652, 15.184, 14.939, 16], "texture": "#1"},
				"down": {"uv": [15.652, 15.184, 14.939, 16], "texture": "#1"}
			}
		},
		{
			"name": "door",
			"from": [-1.25, 3.55, -6.3],
			"to": [-1.14, 17.7, -4.1],
			"rotation": {"angle": 0, "axis": "y", "origin": [-0.05, 3.55, -6.85]},
			"faces": {
				"north": {"uv": [15.652, 15.184, 14.939, 16], "texture": "#1"},
				"east": {"uv": [11.45767, 7.999, 11.95633, 8.997], "texture": "#1"},
				"south": {"uv": [15.652, 15.184, 14.939, 16], "texture": "#1"},
				"west": {"uv": [10.74933, 7.999, 11.289, 8.949], "texture": "#1"},
				"up": {"uv": [15.652, 15.184, 14.939, 16], "texture": "#1"},
				"down": {"uv": [15.652, 15.184, 14.939, 16], "texture": "#1"}
			}
		},
		{
			"name": "door",
			"from": [-1.25, 3.55, 15.15],
			"to": [-1.14, 17.7, 17.35],
			"rotation": {"angle": 0, "axis": "y", "origin": [-0.05, 3.55, 14.6]},
			"faces": {
				"north": {"uv": [15.652, 15.184, 14.939, 16], "texture": "#1"},
				"east": {"uv": [11.45767, 7.999, 11.95633, 8.997], "texture": "#1"},
				"south": {"uv": [15.652, 15.184, 14.939, 16], "texture": "#1"},
				"west": {"uv": [10.74933, 7.999, 11.289, 8.949], "texture": "#1"},
				"up": {"uv": [15.652, 15.184, 14.939, 16], "texture": "#1"},
				"down": {"uv": [15.652, 15.184, 14.939, 16], "texture": "#1"}
			}
		},
		{
			"name": "door",
			"from": [-1.25, 3.55, 12.95],
			"to": [-1.14, 17.7, 15.15],
			"rotation": {"angle": 0, "axis": "y", "origin": [-0.05, 3.55, 12.4]},
			"faces": {
				"north": {"uv": [15.652, 15.184, 14.939, 16], "texture": "#1"},
				"east": {"uv": [11.45767, 7.999, 11.95633, 8.997], "texture": "#1"},
				"south": {"uv": [15.652, 15.184, 14.939, 16], "texture": "#1"},
				"west": {"uv": [10.74933, 7.999, 11.289, 8.949], "texture": "#1"},
				"up": {"uv": [15.652, 15.184, 14.939, 16], "texture": "#1"},
				"down": {"uv": [15.652, 15.184, 14.939, 16], "texture": "#1"}
			}
		},
		{
			"name": "cover",
			"from": [-0.925, 8.3, -15.1],
			"to": [17.325, 10.4, -14.9625],
			"rotation": {"angle": 0, "axis": "y", "origin": [8.2, 8.3, -16.2]},
			"faces": {
				"north": {"uv": [9.37333, 6.874, 8.625, 7.737], "texture": "#1"},
				"east": {"uv": [9.37333, 6.874, 8.625, 7.737], "texture": "#1"},
				"south": {"uv": [9.37333, 6.874, 8.625, 7.737], "texture": "#1"},
				"west": {"uv": [9.37333, 6.874, 8.625, 7.737], "texture": "#1"},
				"up": {"uv": [9.37333, 6.874, 8.625, 7.737], "texture": "#1"},
				"down": {"uv": [9.37333, 6.874, 8.625, 7.737], "texture": "#1"}
			}
		},
		{
			"name": "table",
			"from": [-0.925, 8.3, -15.1],
			"to": [17.325, 8.4375, -12.7625],
			"rotation": {"angle": 0, "axis": "y", "origin": [8.2, 8.3, -17.85]},
			"faces": {
				"north": {"uv": [9.37333, 6.874, 8.625, 7.737], "texture": "#1"},
				"east": {"uv": [9.37333, 6.874, 8.625, 7.737], "texture": "#1"},
				"south": {"uv": [9.37333, 6.874, 8.625, 7.737], "texture": "#1"},
				"west": {"uv": [9.37333, 6.874, 8.625, 7.737], "texture": "#1"},
				"up": {"uv": [9.37333, 6.874, 8.625, 7.737], "texture": "#1"},
				"down": {"uv": [9.37333, 6.874, 8.625, 7.737], "texture": "#1"}
			}
		},
		{
			"name": "pole",
			"from": [3, 16.25, -10.35],
			"to": [3.275, 16.525, 22.6],
			"rotation": {"angle": 0, "axis": "y", "origin": [6.85, 16.25, -5.75]},
			"faces": {
				"north": {"uv": [1.10267, 0.06, 0, 3.117], "texture": "#0"},
				"east": {"uv": [1.10267, 0.06, 0, 3.117], "texture": "#0"},
				"south": {"uv": [1.10267, 0.06, 0, 3.117], "texture": "#0"},
				"west": {"uv": [1.10267, 0.06, 0, 3.117], "texture": "#0"},
				"up": {"uv": [1.10267, 0.06, 0, 3.117], "texture": "#0"},
				"down": {"uv": [1.10267, 0.06, 0, 3.117], "texture": "#0"}
			}
		},
		{
			"name": "pole",
			"from": [13.125, 16.25, -10.35],
			"to": [13.4, 16.525, 22.6],
			"rotation": {"angle": 0, "axis": "y", "origin": [9.55, 16.25, -5.75]},
			"faces": {
				"north": {"uv": [1.10267, 0.06, 0, 3.117], "texture": "#0"},
				"east": {"uv": [1.10267, 0.06, 0, 3.117], "texture": "#0"},
				"south": {"uv": [1.10267, 0.06, 0, 3.117], "texture": "#0"},
				"west": {"uv": [1.10267, 0.06, 0, 3.117], "texture": "#0"},
				"up": {"uv": [1.10267, 0.06, 0, 3.117], "texture": "#0"},
				"down": {"uv": [1.10267, 0.06, 0, 3.117], "texture": "#0"}
			}
		}
	],
	"display": {
		"thirdperson_righthand": {
			"scale": [2.75, 2.75, 2.75]
		},
		"thirdperson_lefthand": {
			"scale": [2.75, 2.75, 2.75]
		},
		"firstperson_righthand": {
			"scale": [2.75, 2.75, 2.75]
		},
		"firstperson_lefthand": {
			"scale": [2.75, 2.75, 2.75]
		},
		"ground": {
			"scale": [0.5, 0.5, 0.5]
		},
		"gui": {
			"rotation": [0, -180, 0],
			"translation": [0, -1.25, 0],
			"scale": [0.5, 0.5, 0.5]
		},
		"head": {
			"scale": [2.75, 2.75, 2.75]
		},
		"fixed": {
			"scale": [0.5, 0.5, 0.5]
		}
	},
	"groups": [
		{
			"name": "floors",
			"origin": [0, 0, 21],
			"children": [0, 1, 2, 3, 4, 5, 6, 7, 8, 9, 10, 11, 12,
				{
					"name": "wheels",
					"origin": [-7, 0, -35],
					"children": [13, 14, 15, 16, 17, 18, 19, 20, 21, 22, 23, 24, 25, 26, 27, 28, 29, 30, 31, 32, 33, 34, 35, 36, 37, 38, 39, 40, 41, 42, 43, 44]
				}
			]
		}, 45,
		{
			"name": "roofs",
			"origin": [0, 0, 0],
			"children": [46, 47, 48, 49, 50, 51]
		},
		{
			"name": "walls",
			"origin": [0, 0, 0],
			"children": [52, 53, 54, 55, 56, 57, 58, 59, 60, 61, 62, 63, 64, 65, 66, 67, 68, 69, 70, 71]
		},
		{
			"name": "chairs",
			"origin": [-2, 5, -39],
			"children": [72, 73, 74, 75, 76, 77, 78, 79]
		},
		{
			"name": "doors",
			"origin": [-6, 20, -39],
			"children": [80, 81, 82, 83, 84, 85, 86, 87, 88, 89]
		}, 90, 91, 92, 93]
}