{
	"credit": "made with blockbench",
	"texture_size": [128, 128],
	"textures": {
		"2": "items/others/36",
		"particle": "items/others/36"
	},
	"elements": [
		{
			"from": [0, 18, -15.75],
			"to": [5, 20.5, -15.75],
			"rotation": {"angle": 0, "axis": "y", "origin": [12, 28, -7.5]},
			"faces": {
				"north": {"uv": [0, 4.375, 15.9375, 11.75], "texture": "#2"},
				"east": {"uv": [0, 0, 0.33333, 1], "texture": "#missing"},
				"south": {"uv": [0, 4.375, 15.9375, 11.75], "texture": "#2"},
				"west": {"uv": [0, 0, 0.33333, 1], "texture": "#missing"},
				"up": {"uv": [0, 0, 0.33333, 1], "texture": "#missing"},
				"down": {"uv": [0, 0, 0.33333, 1], "texture": "#missing"}
			}
		}
	],
	"display": {
		"thirdperson_righthand": {
			"scale": [2.75, 2.75, 2.75]
		},
		"thirdperson_lefthand": {
			"scale": [2.75, 2.75, 2.75]
		},
		"firstperson_righthand": {
			"scale": [2.75, 2.75, 2.75]
		},
		"firstperson_lefthand": {
			"scale": [2.75, 2.75, 2.75]
		},
		"ground": {
			"scale": [0.5, 0.5, 0.5]
		},
		"gui": {
			"rotation": [0, -180, 0],
			"translation": [-18, -39.75, 0],
			"scale": [3.30664, 3.49414, 0.5]
		},
		"head": {
			"scale": [2.75, 2.75, 2.75]
		},
		"fixed": {
			"rotation": [0, -180, 0],
			"translation": [-18, -39.75, -12.25],
			"scale": [3.30664, 3.49414, 0.5]
		}
	}
}