{
	"credit": "made with blockbench",
	"texture_size": [512, 512],
	"textures": {
		"1": "items/others/52",
		"particle": "items/others/52"
	},
	"elements": [
		{
			"from": [6.25, 7.3, -15.6],
			"to": [9.75, 9.55, -14.85],
			"rotation": {"angle": 0, "axis": "y", "origin": [16, 16, -8]},
			"faces": {
				"north": {"uv": [0.125, 3.3125, 15.875, 12.6875], "texture": "#1"},
				"south": {"uv": [0.125, 3.3125, 15.875, 12.6875], "texture": "#1"}
			}
		}
	],
	"display": {
		"thirdperson_righthand": {
			"rotation": [14.25, 0, -14],
			"translation": [0, 1.75, 0],
			"scale": [0.36367, 0.35391, 0.4]
		},
		"thirdperson_lefthand": {
			"rotation": [14.25, 0, -14],
			"translation": [0, 1.75, 0],
			"scale": [0.36367, 0.35391, 0.4]
		},
		"firstperson_righthand": {
			"rotation": [14.25, 0, -14],
			"scale": [0.36367, 0.35391, 0.20742]
		},
		"firstperson_lefthand": {
			"rotation": [14.25, 0, -14],
			"scale": [0.36367, 0.35391, 0.20742]
		},
		"ground": {
			"rotation": [14.25, 0, -14],
			"translation": [0, 1.75, 0],
			"scale": [0.36367, 0.35391, 0.4]
		},
		"gui": {
			"rotation": [-7, 176, -10],
			"translation": [0, -1.5, 0],
			"scale": [0.56289, 0.55508, 0.49]
		},
		"head": {
			"scale": [4, 4, 4]
		},
		"fixed": {
			"rotation": [14.25, 0, -14],
			"translation": [0, -2, 0],
			"scale": [0.66836, 0.6957, 0.51523]
		}
	}
}