{
	"credit": "made with blockbench",
	"texture_size": [512, 512],
	"textures": {
		"2": "items/others/c2_b"
	},
	"elements": [
		{
			"from": [1, 5, -14],
			"to": [15, 21, 30],
			"rotation": {"angle": 0, "axis": "y", "origin": [6.75, 13, 16.5]},
			"faces": {
				"north": {"uv": [4.5, 2, 7.75, 4], "texture": "#2"},
				"east": {"uv": [0, 2, 3.875, 4], "texture": "#2"},
				"south": {"uv": [12.3125, 2, 15.5625, 4], "texture": "#2"},
				"west": {"uv": [0, 2, 3.875, 4], "texture": "#2"},
				"up": {"uv": [3.875, 0, 8, 2], "rotation": 90, "texture": "#2"},
				"down": {"uv": [7.9375, 0, 12, 2], "rotation": 90, "texture": "#2"}
			}
		}
	],
	"display": {
		"thirdperson_righthand": {
			"rotation": [14.25, 0, -14],
			"translation": [0, 1.75, 0],
			"scale": [0.36367, 0.35391, 0.4]
		},
		"thirdperson_lefthand": {
			"rotation": [14.25, 0, -14],
			"translation": [0, 1.75, 0],
			"scale": [0.36367, 0.35391, 0.4]
		},
		"firstperson_righthand": {
			"rotation": [14.25, 0, -14],
			"scale": [0.36367, 0.35391, 0.20742]
		},
		"firstperson_lefthand": {
			"rotation": [14.25, 0, -14],
			"scale": [0.36367, 0.35391, 0.20742]
		},
		"ground": {
			"rotation": [14.25, 0, -14],
			"translation": [0, 1.75, 0],
			"scale": [0.36367, 0.35391, 0.4]
		},
		"gui": {
			"rotation": [-7, 176, -10],
			"translation": [0, -1.5, 0],
			"scale": [0.56289, 0.55508, 0.49]
		},
		"head": {
			"scale": [4, 4, 4]
		},
		"fixed": {
			"rotation": [14.25, 0, -14],
			"translation": [0, -2, 0],
			"scale": [0.66836, 0.6957, 0.51523]
		}
	}
}