{
	"credit": "made with blockbench",
	"textures": {
		"2": "blocks/log_spruce",
		"3": "blocks/log_spruce_top",
		"4": "blocks/ladder",
		"particle": "blocks/log_spruce"
	},
	"elements": [
		{
			"from": [0.5, 5.25, 2],
			"to": [5.5, 10.25, 7],
			"rotation": {"angle": 0, "axis": "x", "origin": [9.5, 2.25, 10]},
			"faces": {
				"north": {"uv": [0, 0, 16, 16], "texture": "#3"},
				"east": {"uv": [0, 0, 16, 16], "rotation": 90, "texture": "#2"},
				"south": {"uv": [0, 0, 16, 16], "rotation": 180, "texture": "#3"},
				"west": {"uv": [0, 0, 16, 16], "rotation": 90, "texture": "#2"},
				"up": {"uv": [0, 0, 16, 16], "texture": "#2"},
				"down": {"uv": [0, 0, 16, 16], "texture": "#2"}
			}
		},
		{
			"from": [5.5, 5.25, 2],
			"to": [10.5, 10.25, 7],
			"rotation": {"angle": 0, "axis": "x", "origin": [14.5, 2.25, 10]},
			"faces": {
				"north": {"uv": [0, 0, 16, 16], "texture": "#3"},
				"east": {"uv": [0, 0, 16, 16], "rotation": 90, "texture": "#2"},
				"south": {"uv": [0, 0, 16, 16], "rotation": 180, "texture": "#3"},
				"west": {"uv": [0, 0, 16, 16], "rotation": 90, "texture": "#2"},
				"up": {"uv": [0, 0, 16, 16], "texture": "#2"},
				"down": {"uv": [0, 0, 16, 16], "texture": "#2"}
			}
		},
		{
			"from": [10.5, 5.25, 2],
			"to": [15.5, 10.25, 7],
			"rotation": {"angle": 0, "axis": "x", "origin": [19.5, 2.25, 10]},
			"faces": {
				"north": {"uv": [0, 0, 16, 16], "texture": "#3"},
				"east": {"uv": [0, 0, 16, 16], "rotation": 90, "texture": "#2"},
				"south": {"uv": [0, 0, 16, 16], "rotation": 180, "texture": "#3"},
				"west": {"uv": [0, 0, 16, 16], "rotation": 90, "texture": "#2"},
				"up": {"uv": [0, 0, 16, 16], "texture": "#2"},
				"down": {"uv": [0, 0, 16, 16], "texture": "#2"}
			}
		},
		{
			"from": [5.5, 10.25, 2],
			"to": [10.5, 15.25, 7],
			"rotation": {"angle": 0, "axis": "x", "origin": [14.5, 7.25, 10]},
			"faces": {
				"north": {"uv": [0, 0, 16, 16], "texture": "#3"},
				"east": {"uv": [0, 0, 16, 16], "rotation": 90, "texture": "#2"},
				"south": {"uv": [0, 0, 16, 16], "rotation": 180, "texture": "#3"},
				"west": {"uv": [0, 0, 16, 16], "rotation": 90, "texture": "#2"},
				"up": {"uv": [0, 0, 16, 16], "texture": "#2"},
				"down": {"uv": [0, 0, 16, 16], "texture": "#2"}
			}
		},
		{
			"from": [0.5, 5.25, -3],
			"to": [5.5, 10.25, 2],
			"rotation": {"angle": 0, "axis": "x", "origin": [9.5, 2.25, 5]},
			"faces": {
				"north": {"uv": [0, 0, 16, 16], "texture": "#3"},
				"east": {"uv": [0, 0, 16, 16], "rotation": 90, "texture": "#2"},
				"south": {"uv": [0, 0, 16, 16], "rotation": 180, "texture": "#3"},
				"west": {"uv": [0, 0, 16, 16], "rotation": 90, "texture": "#2"},
				"up": {"uv": [0, 0, 16, 16], "texture": "#2"},
				"down": {"uv": [0, 0, 16, 16], "texture": "#2"}
			}
		},
		{
			"from": [5.5, 5.25, -3],
			"to": [10.5, 10.25, 2],
			"rotation": {"angle": 0, "axis": "x", "origin": [14.5, 2.25, 5]},
			"faces": {
				"north": {"uv": [0, 0, 16, 16], "texture": "#3"},
				"east": {"uv": [0, 0, 16, 16], "rotation": 90, "texture": "#2"},
				"south": {"uv": [0, 0, 16, 16], "rotation": 180, "texture": "#3"},
				"west": {"uv": [0, 0, 16, 16], "rotation": 90, "texture": "#2"},
				"up": {"uv": [0, 0, 16, 16], "texture": "#2"},
				"down": {"uv": [0, 0, 16, 16], "texture": "#2"}
			}
		},
		{
			"from": [10.5, 5.25, -3],
			"to": [15.5, 10.25, 2],
			"rotation": {"angle": 0, "axis": "x", "origin": [19.5, 2.25, 5]},
			"faces": {
				"north": {"uv": [0, 0, 16, 16], "texture": "#3"},
				"east": {"uv": [0, 0, 16, 16], "rotation": 90, "texture": "#2"},
				"south": {"uv": [0, 0, 16, 16], "rotation": 180, "texture": "#3"},
				"west": {"uv": [0, 0, 16, 16], "rotation": 90, "texture": "#2"},
				"up": {"uv": [0, 0, 16, 16], "texture": "#2"},
				"down": {"uv": [0, 0, 16, 16], "texture": "#2"}
			}
		},
		{
			"from": [5.5, 10.25, -3],
			"to": [10.5, 15.25, 2],
			"rotation": {"angle": 0, "axis": "x", "origin": [14.5, 7.25, 5]},
			"faces": {
				"north": {"uv": [0, 0, 16, 16], "texture": "#3"},
				"east": {"uv": [0, 0, 16, 16], "rotation": 90, "texture": "#2"},
				"south": {"uv": [0, 0, 16, 16], "rotation": 180, "texture": "#3"},
				"west": {"uv": [0, 0, 16, 16], "rotation": 90, "texture": "#2"},
				"up": {"uv": [0, 0, 16, 16], "texture": "#2"},
				"down": {"uv": [0, 0, 16, 16], "texture": "#2"}
			}
		},
		{
			"from": [0.5, 5.25, -8],
			"to": [5.5, 10.25, -3],
			"rotation": {"angle": 0, "axis": "x", "origin": [9.5, 2.25, 0]},
			"faces": {
				"north": {"uv": [0, 0, 16, 16], "texture": "#3"},
				"east": {"uv": [0, 0, 16, 16], "rotation": 90, "texture": "#2"},
				"south": {"uv": [0, 0, 16, 16], "rotation": 180, "texture": "#3"},
				"west": {"uv": [0, 0, 16, 16], "rotation": 90, "texture": "#2"},
				"up": {"uv": [0, 0, 16, 16], "texture": "#2"},
				"down": {"uv": [0, 0, 16, 16], "texture": "#2"}
			}
		},
		{
			"from": [0.5, 5.25, -13],
			"to": [5.5, 10.25, -8],
			"rotation": {"angle": 0, "axis": "x", "origin": [9.5, 2.25, -5]},
			"faces": {
				"north": {"uv": [0, 0, 16, 16], "texture": "#3"},
				"east": {"uv": [0, 0, 16, 16], "rotation": 90, "texture": "#2"},
				"south": {"uv": [0, 0, 16, 16], "rotation": 180, "texture": "#3"},
				"west": {"uv": [0, 0, 16, 16], "rotation": 90, "texture": "#2"},
				"up": {"uv": [0, 0, 16, 16], "texture": "#2"},
				"down": {"uv": [0, 0, 16, 16], "texture": "#2"}
			}
		},
		{
			"from": [5.5, 5.25, -8],
			"to": [10.5, 10.25, -3],
			"rotation": {"angle": 0, "axis": "x", "origin": [14.5, 2.25, 0]},
			"faces": {
				"north": {"uv": [0, 0, 16, 16], "texture": "#3"},
				"east": {"uv": [0, 0, 16, 16], "rotation": 90, "texture": "#2"},
				"south": {"uv": [0, 0, 16, 16], "rotation": 180, "texture": "#3"},
				"west": {"uv": [0, 0, 16, 16], "rotation": 90, "texture": "#2"},
				"up": {"uv": [0, 0, 16, 16], "texture": "#2"},
				"down": {"uv": [0, 0, 16, 16], "texture": "#2"}
			}
		},
		{
			"from": [5.5, 5.25, -13],
			"to": [10.5, 10.25, -8],
			"rotation": {"angle": 0, "axis": "x", "origin": [14.5, 2.25, -5]},
			"faces": {
				"north": {"uv": [0, 0, 16, 16], "texture": "#3"},
				"east": {"uv": [0, 0, 16, 16], "rotation": 90, "texture": "#2"},
				"south": {"uv": [0, 0, 16, 16], "rotation": 180, "texture": "#3"},
				"west": {"uv": [0, 0, 16, 16], "rotation": 90, "texture": "#2"},
				"up": {"uv": [0, 0, 16, 16], "texture": "#2"},
				"down": {"uv": [0, 0, 16, 16], "texture": "#2"}
			}
		},
		{
			"from": [10.5, 5.25, -8],
			"to": [15.5, 10.25, -3],
			"rotation": {"angle": 0, "axis": "x", "origin": [19.5, 2.25, 0]},
			"faces": {
				"north": {"uv": [0, 0, 16, 16], "texture": "#3"},
				"east": {"uv": [0, 0, 16, 16], "rotation": 90, "texture": "#2"},
				"south": {"uv": [0, 0, 16, 16], "rotation": 180, "texture": "#3"},
				"west": {"uv": [0, 0, 16, 16], "rotation": 90, "texture": "#2"},
				"up": {"uv": [0, 0, 16, 16], "texture": "#2"},
				"down": {"uv": [0, 0, 16, 16], "texture": "#2"}
			}
		},
		{
			"from": [10.5, 5.25, -13],
			"to": [15.5, 10.25, -8],
			"rotation": {"angle": 0, "axis": "x", "origin": [19.5, 2.25, -5]},
			"faces": {
				"north": {"uv": [0, 0, 16, 16], "texture": "#3"},
				"east": {"uv": [0, 0, 16, 16], "rotation": 90, "texture": "#2"},
				"south": {"uv": [0, 0, 16, 16], "rotation": 180, "texture": "#3"},
				"west": {"uv": [0, 0, 16, 16], "rotation": 90, "texture": "#2"},
				"up": {"uv": [0, 0, 16, 16], "texture": "#2"},
				"down": {"uv": [0, 0, 16, 16], "texture": "#2"}
			}
		},
		{
			"from": [5.5, 10.25, -8],
			"to": [10.5, 15.25, -3],
			"rotation": {"angle": 0, "axis": "x", "origin": [14.5, 7.25, 0]},
			"faces": {
				"north": {"uv": [0, 0, 16, 16], "texture": "#3"},
				"east": {"uv": [0, 0, 16, 16], "rotation": 90, "texture": "#2"},
				"south": {"uv": [0, 0, 16, 16], "rotation": 180, "texture": "#3"},
				"west": {"uv": [0, 0, 16, 16], "rotation": 90, "texture": "#2"},
				"up": {"uv": [0, 0, 16, 16], "texture": "#2"},
				"down": {"uv": [0, 0, 16, 16], "texture": "#2"}
			}
		},
		{
			"from": [5.5, 10.25, -13],
			"to": [10.5, 15.25, -8],
			"rotation": {"angle": 0, "axis": "x", "origin": [14.5, 7.25, -5]},
			"faces": {
				"north": {"uv": [0, 0, 16, 16], "texture": "#3"},
				"east": {"uv": [0, 0, 16, 16], "rotation": 90, "texture": "#2"},
				"south": {"uv": [0, 0, 16, 16], "rotation": 180, "texture": "#3"},
				"west": {"uv": [0, 0, 16, 16], "rotation": 90, "texture": "#2"},
				"up": {"uv": [0, 0, 16, 16], "texture": "#2"},
				"down": {"uv": [0, 0, 16, 16], "texture": "#2"}
			}
		},
		{
			"from": [8.9, 9.95, -5.5],
			"to": [8.9, 17.25, -0.5],
			"rotation": {"angle": 45, "axis": "z", "origin": [11.9, 18.25, 2.5]},
			"faces": {
				"east": {"uv": [16, 0, 0, 16], "texture": "#4"},
				"west": {"uv": [16, 0, 0, 16], "texture": "#4"}
			}
		},
		{
			"from": [7.3, 9.95, -5.5],
			"to": [7.3, 17.25, -0.5],
			"rotation": {"angle": -45, "axis": "z", "origin": [4.3, 18.25, 2.5]},
			"faces": {
				"east": {"uv": [16, 0, 0, 16], "texture": "#4"},
				"west": {"uv": [16, 0, 0, 16], "texture": "#4"}
			}
		},
		{
			"from": [15.75, 5.5, -5.5],
			"to": [15.75, 10.5, -0.5],
			"rotation": {"angle": 0, "axis": "y", "origin": [18.75, 13.5, 2.5]},
			"faces": {
				"east": {"uv": [16, 0, 0, 16], "texture": "#4"},
				"west": {"uv": [16, 0, 0, 16], "texture": "#4"}
			}
		},
		{
			"from": [0.15, 5.25, -5.5],
			"to": [0.15, 10.25, -0.5],
			"rotation": {"angle": 0, "axis": "y", "origin": [-2.85, 13.25, 2.5]},
			"faces": {
				"east": {"uv": [16, 0, 0, 16], "texture": "#4"},
				"west": {"uv": [16, 0, 0, 16], "texture": "#4"}
			}
		},
		{
			"from": [5.5, 15.5, -5.5],
			"to": [10.5, 15.5, -0.5],
			"rotation": {"angle": 0, "axis": "z", "origin": [13.5, 18.5, 2.5]},
			"faces": {
				"up": {"uv": [16, 0, 0, 16], "rotation": 90, "texture": "#4"},
				"down": {"uv": [16, 0, 0, 16], "rotation": 90, "texture": "#4"}
			}
		}
	],
	"display": {
		"thirdperson_righthand": {
			"rotation": [14.25, 0, -14],
			"translation": [0, 1.75, 0],
			"scale": [0.36367, 0.35391, 0.4]
		},
		"thirdperson_lefthand": {
			"rotation": [14.25, 0, -14],
			"translation": [0, 1.75, 0],
			"scale": [0.36367, 0.35391, 0.4]
		},
		"firstperson_righthand": {
			"rotation": [14.25, 0, -14],
			"scale": [0.36367, 0.35391, 0.20742]
		},
		"firstperson_lefthand": {
			"rotation": [14.25, 0, -14],
			"scale": [0.36367, 0.35391, 0.20742]
		},
		"ground": {
			"rotation": [14.25, 0, -14],
			"translation": [0, 1.75, 0],
			"scale": [0.36367, 0.35391, 0.4]
		},
		"gui": {
			"rotation": [-7, 176, -10],
			"translation": [0, -1.5, 0],
			"scale": [0.56289, 0.55508, 0.49]
		},
		"head": {
			"scale": [4, 4, 4]
		},
		"fixed": {
			"rotation": [14.25, 0, -14],
			"translation": [0, -2, 0],
			"scale": [0.66836, 0.6957, 0.51523]
		}
	}
}