{
	"credit": "made with blockbench",
	"texture_size": [64, 64],
	"textures": {
		"2": "items/others/d2",
		"particle": "items/others/d2"
	},
	"elements": [
		{
			"from": [5.5, 20.9, -15.75],
			"to": [10.75, 21.8, -15.75],
			"rotation": {"angle": 0, "axis": "y", "origin": [20, 28.5, -8]},
			"faces": {
				"north": {"uv": [2.5, 7, 13.5, 9], "texture": "#2"},
				"east": {"uv": [0, 0, 0.33333, 0.9], "texture": "#missing"},
				"south": {"uv": [2.5, 7, 13.5, 9], "texture": "#2"},
				"west": {"uv": [0, 0, 0.33333, 0.9], "texture": "#missing"},
				"up": {"uv": [0, 0, 2.75, 1], "texture": "#missing"},
				"down": {"uv": [0, 0, 2.75, 1], "texture": "#missing"}
			}
		}
	],
	"display": {
		"thirdperson_righthand": {
			"scale": [2.75, 2.75, 2.75]
		},
		"thirdperson_lefthand": {
			"scale": [2.75, 2.75, 2.75]
		},
		"firstperson_righthand": {
			"scale": [2.75, 2.75, 2.75]
		},
		"firstperson_lefthand": {
			"scale": [2.75, 2.75, 2.75]
		},
		"ground": {
			"scale": [0.5, 0.5, 0.5]
		},
		"gui": {
			"rotation": [0, -180, 0],
			"translation": [0.25, -40, 0],
			"scale": [2.86133, 2.99023, 0.5]
		},
		"head": {
			"scale": [2.75, 2.75, 2.75]
		},
		"fixed": {
			"rotation": [0, -180, 0],
			"translation": [0.25, -40, -12.75],
			"scale": [2.86133, 2.99023, 0.5]
		}
	}
}