{
	"credit": "made with blockbench",
	"texture_size": [48, 16],
	"textures": {
		"2": "items/others/headlight",
		"particle": "items/others/headlight"
	},
	"elements": [
		{
			"from": [7, 5, 0],
			"to": [9, 7, 0],
			"rotation": {"angle": 0, "axis": "y", "origin": [7, 5, 0]},
			"faces": {
				"north": {"uv": [0, 0, 15.95833, 16], "texture": "#2"},
				"east": {"uv": [0, 0, 0.33333, 1], "texture": "#missing"},
				"south": {"uv": [0, 0, 15.95833, 16], "texture": "#2"},
				"west": {"uv": [0, 0, 0.33333, 1], "texture": "#missing"},
				"up": {"uv": [0, 0, 0.33333, 1], "texture": "#missing"},
				"down": {"uv": [0, 0, 0.33333, 1], "texture": "#missing"}
			}
		}
	],
	"display": {
		"thirdperson_righthand": {
			"scale": [2.75, 2.75, 2.75]
		},
		"thirdperson_lefthand": {
			"scale": [2.75, 2.75, 2.75]
		},
		"firstperson_righthand": {
			"scale": [2.75, 2.75, 2.75]
		},
		"firstperson_lefthand": {
			"scale": [2.75, 2.75, 2.75]
		},
		"ground": {
			"scale": [0.5, 0.5, 0.5]
		},
		"gui": {
			"rotation": [0, -180, 0],
			"translation": [-0.5, 8, 0],
			"scale": [4, 4, 0.5]
		},
		"head": {
			"scale": [2.75, 2.75, 2.75]
		},
		"fixed": {
			"rotation": [0, -180, 0],
			"translation": [0.25, 7.5, -4],
			"scale": [4, 4, 0.5]
		}
	}
}