{
	"credit": "made with blockbench",
	"texture_size": [48, 16],
	"textures": {
		"2": "items/others/hm13",
		"particle": "items/others/hm13"
	},
	"elements": [
		{
			"from": [6, 6, -16],
			"to": [10, 10, -16],
			"rotation": {"angle": 0, "axis": "y", "origin": [16, 16, -8]},
			"faces": {
				"north": {"uv": [0, 0, 15.95833, 16], "texture": "#2"},
				"east": {"uv": [0, 0, 0, 1], "texture": "#missing"},
				"south": {"uv": [0, 0, 15.95833, 16], "texture": "#2"},
				"west": {"uv": [0, 0, 0, 1], "texture": "#missing"},
				"up": {"uv": [0, 0, 0.33333, 0], "texture": "#missing"},
				"down": {"uv": [0, 0, 0.33333, 0], "texture": "#missing"}
			}
		}
	],
	"display": {
		"thirdperson_righthand": {
			"scale": [2.75, 2.75, 2.75]
		},
		"thirdperson_lefthand": {
			"scale": [2.75, 2.75, 2.75]
		},
		"firstperson_righthand": {
			"scale": [2.75, 2.75, 2.75]
		},
		"firstperson_lefthand": {
			"scale": [2.75, 2.75, 2.75]
		},
		"ground": {
			"scale": [0.5, 0.5, 0.5]
		},
		"gui": {
			"rotation": [0, -180, 0],
			"translation": [0.25, -0.25, 0],
			"scale": [4, 4, 0.5]
		},
		"head": {
			"scale": [2.75, 2.75, 2.75]
		},
		"fixed": {
			"rotation": [0, -180, 0],
			"translation": [0.25, -0.25, -13],
			"scale": [4, 4, 0.5]
		}
	}
}