{
	"credit": "Made with Blockbench",
	"texture_size": [512, 512],
	"textures": {
		"1": "items/others/led",
		"2": "items/others/ka",
		"particle": "items/others/ka"
	},
	"elements": [
		{
			"from": [2.5, 16.9, -15.75],
			"to": [6.75, 17.8, -15.75],
			"rotation": {"angle": 0, "axis": "y", "origin": [17, 24.5, -8]},
			"faces": {
				"north": {"uv": [0, 6, 16, 10], "texture": "#2"},
				"east": {"uv": [0, 0, 0.04167, 0.1125], "texture": "#missing"},
				"south": {"uv": [0, 0.8125, 2, 1.1875], "texture": "#2"},
				"west": {"uv": [0, 0, 0.04167, 0.1125], "texture": "#missing"},
				"up": {"uv": [0, 0, 0.34375, 0.125], "texture": "#missing"},
				"down": {"uv": [0, 0, 0.34375, 0.125], "texture": "#missing"}
			}
		},
		{
			"from": [2.5, 16.9, -15.76],
			"to": [6.75, 17.8, -15.76],
			"rotation": {"angle": 0, "axis": "y", "origin": [17, 24.5, -8]},
			"faces": {
				"north": {"uv": [0, 6.96875, 12.03125, 10], "texture": "#1"},
				"east": {"uv": [0, 0, 0.04167, 0.1125], "texture": "#missing"},
				"south": {"uv": [0, 0.8125, 2, 1.1875], "texture": "#2"},
				"west": {"uv": [0, 0, 0.04167, 0.1125], "texture": "#missing"},
				"up": {"uv": [0, 0, 0.34375, 0.125], "texture": "#missing"},
				"down": {"uv": [0, 0, 0.34375, 0.125], "texture": "#missing"}
			}
		}
	],
	"display": {
		"thirdperson_righthand": {
			"rotation": [14.25, 0, -14],
			"translation": [0, 1.75, 0],
			"scale": [0.36367, 0.35391, 0.4]
		},
		"thirdperson_lefthand": {
			"rotation": [14.25, 0, -14],
			"translation": [0, 1.75, 0],
			"scale": [0.36367, 0.35391, 0.4]
		},
		"firstperson_righthand": {
			"rotation": [14.25, 0, -14],
			"scale": [0.36367, 0.35391, 0.20742]
		},
		"firstperson_lefthand": {
			"rotation": [14.25, 0, -14],
			"scale": [0.36367, 0.35391, 0.20742]
		},
		"ground": {
			"rotation": [14.25, 0, -14],
			"translation": [0, 1.75, 0],
			"scale": [0.36367, 0.35391, 0.4]
		},
		"gui": {
			"rotation": [-7, 176, -10],
			"translation": [0, -1.5, 0],
			"scale": [0.56289, 0.55508, 0.49]
		},
		"head": {
			"scale": [4, 4, 4]
		},
		"fixed": {
			"rotation": [14.25, 0, -14],
			"translation": [0, -2, 0],
			"scale": [0.66836, 0.6957, 0.51523]
		}
	}
}