{
	"credit": "made with blockbench",
	"texture_size": [48, 16],
	"textures": {
		"2": "items/others/m30",
		"particle": "items/others/m30"
	},
	"elements": [
		{
			"from": [2.65, 20, -15.7],
			"to": [7.15, 21.3, -15.7],
			"rotation": {"angle": 0, "axis": "y", "origin": [16.5, 28, -8.75]},
			"faces": {
				"north": {"uv": [0, 0, 16, 16], "texture": "#2"},
				"south": {"uv": [0, 0, 16, 16], "texture": "#2"}
			}
		}
	],
	"display": {
		"thirdperson_righthand": {
			"scale": [2.75, 2.75, 2.75]
		},
		"thirdperson_lefthand": {
			"scale": [2.75, 2.75, 2.75]
		},
		"firstperson_righthand": {
			"scale": [2.75, 2.75, 2.75]
		},
		"firstperson_lefthand": {
			"scale": [2.75, 2.75, 2.75]
		},
		"ground": {
			"scale": [0.5, 0.5, 0.5]
		},
		"gui": {
			"rotation": [0, -180, 0],
			"translation": [0, -1.25, 0],
			"scale": [0.5, 0.5, 0.5]
		},
		"head": {
			"scale": [2.75, 2.75, 2.75]
		},
		"fixed": {
			"scale": [0.5, 0.5, 0.5]
		}
	}
}