{
	"credit": "Made with Blockbench",
	"texture_size": [512, 512],
	"textures": {
		"1_0": "items/peruneo/lights",
		"particle": "items/milk_y20000t/lights",
		"2_0": "items/milk_y20000t/lights"
	},
	"elements": [
		{
			"name": "light",
			"from": [13.4, 9.1, -15.4],
			"to": [14, 9.7, -15.4],
			"rotation": {"angle": 0, "axis": "y", "origin": [16, 0, 0]},
			"faces": {
				"north": {"uv": [6.5, 4.25, 9.5, 7.25], "texture": "#1_0"},
				"east": {"uv": [0, 0, 0, 0], "texture": "#missing"},
				"south": {"uv": [0, 0, 0, 0], "texture": "#missing"},
				"west": {"uv": [0, 0, 0, 0], "texture": "#missing"},
				"up": {"uv": [0, 0, 0, 0], "texture": "#missing"},
				"down": {"uv": [0, 0, 0, 0], "texture": "#missing"}
			}
		},
		{
			"name": "light",
			"from": [2.2, 9.1, -15.4],
			"to": [2.8, 9.7, -15.4],
			"faces": {
				"north": {"uv": [6.5, 4.25, 9.5, 7.25], "texture": "#1_0"},
				"east": {"uv": [0, 0, 0, 0], "texture": "#1_0"},
				"south": {"uv": [0, 0, 0, 0], "texture": "#1_0"},
				"west": {"uv": [0, 0, 0, 0], "texture": "#1_0"},
				"up": {"uv": [0, 0, 0, 0], "texture": "#1_0"},
				"down": {"uv": [0, 0, 0, 0], "texture": "#1_0"}
			}
		},
		{
			"name": "light",
			"from": [1.6, 15.7, -15.4],
			"to": [2.6, 17.3, -15.4],
			"faces": {
				"north": {"uv": [3.40625, 11, 1.28125, 15.96875], "texture": "#2_0"}
			}
		},
		{
			"name": "light",
			"from": [13.4, 15.7, -15.4],
			"to": [14.4, 17.3, -15.4],
			"rotation": {"angle": 0, "axis": "y", "origin": [16, 0, 0]},
			"faces": {
				"north": {"uv": [3.40625, 11, 1.28125, 15.96875], "texture": "#2_0"}
			}
		}
	],
	"display": {
		"thirdperson_righthand": {
			"rotation": [14.25, 0, -14],
			"translation": [0, 1.75, 0],
			"scale": [0.36367, 0.35391, 0.4]
		},
		"thirdperson_lefthand": {
			"rotation": [14.25, 0, -14],
			"translation": [0, 1.75, 0],
			"scale": [0.36367, 0.35391, 0.4]
		},
		"firstperson_righthand": {
			"rotation": [14.25, 0, -14],
			"scale": [0.36367, 0.35391, 0.20742]
		},
		"firstperson_lefthand": {
			"rotation": [14.25, 0, -14],
			"scale": [0.36367, 0.35391, 0.20742]
		},
		"ground": {
			"rotation": [14.25, 0, -14],
			"translation": [0, 1.75, 0],
			"scale": [0.36367, 0.35391, 0.4]
		},
		"gui": {
			"rotation": [-7, 176, -10],
			"translation": [0, -1.5, 0],
			"scale": [0.56289, 0.55508, 0.49]
		},
		"head": {
			"scale": [4, 4, 4]
		},
		"fixed": {
			"rotation": [14.25, 0, -14],
			"translation": [0, -2, 0],
			"scale": [0.66836, 0.6957, 0.51523]
		}
	}
}