{
	"credit": "Made with Blockbench",
	"texture_size": [512, 512],
	"textures": {
		"0": "items/piposen_0801/102c",
		"particle": "items/piposen_0801/102c"
	},
	"elements": [
		{
			"name": "wall",
			"from": [12.95, 6.385, 1.96066],
			"to": [12.95, 15.295, 26.34566],
			"rotation": {"angle": 0, "axis": "y", "origin": [8.33, 11.665, 11.00066]},
			"faces": {
				"north": {"uv": [7.75, 11.75, 7.25, 12.25], "texture": "#0"},
				"east": {"uv": [16, 13.96875, 10.46875, 16], "texture": "#0"},
				"south": {"uv": [7, 12.5, 6.5, 13], "texture": "#0"},
				"west": {"uv": [10.46875, 11.71875, 16, 13.75], "texture": "#0"},
				"up": {"uv": [7.75, 11.75, 7.25, 12.25], "texture": "#0"},
				"down": {"uv": [6.25, 13.25, 5.75, 13.75], "texture": "#0"}
			}
		},
		{
			"name": "wall",
			"from": [3.05, 6.385, 1.96066],
			"to": [3.05, 15.295, 26.34566],
			"rotation": {"angle": 0, "axis": "y", "origin": [7.67, 11.665, 11.00066]},
			"faces": {
				"north": {"uv": [7.25, 11.75, 7.75, 12.25], "texture": "#0"},
				"east": {"uv": [16, 11.71875, 10.46875, 13.75], "texture": "#0"},
				"south": {"uv": [6.5, 12.5, 7, 13], "texture": "#0"},
				"west": {"uv": [10.46875, 13.96875, 16, 16], "texture": "#0"},
				"up": {"uv": [7.25, 11.75, 7.75, 12.25], "texture": "#0"},
				"down": {"uv": [5.75, 13.25, 6.25, 13.75], "texture": "#0"}
			}
		},
		{
			"name": "wall",
			"from": [12.95, 6.385, -3.51934],
			"to": [12.95, 15.295, -1.20934],
			"rotation": {"angle": 0, "axis": "y", "origin": [8.33, 11.665, 5.72066]},
			"faces": {
				"north": {"uv": [7.75, 11.75, 7.25, 12.25], "texture": "#0"},
				"east": {"uv": [14.5, 13.96875, 13.875, 16], "texture": "#0"},
				"south": {"uv": [7, 12.5, 6.5, 13], "texture": "#0"},
				"west": {"uv": [13.84375, 11.71875, 14.5, 13.75], "texture": "#0"},
				"up": {"uv": [7.75, 11.75, 7.25, 12.25], "texture": "#0"},
				"down": {"uv": [6.25, 13.25, 5.75, 13.75], "texture": "#0"}
			}
		},
		{
			"name": "wall",
			"from": [3.05, 6.385, -3.51934],
			"to": [3.05, 15.295, -1.20934],
			"rotation": {"angle": 0, "axis": "y", "origin": [7.67, 11.665, 5.72066]},
			"faces": {
				"north": {"uv": [7.25, 11.75, 7.75, 12.25], "texture": "#0"},
				"east": {"uv": [13.84375, 11.71875, 14.5, 13.75], "texture": "#0"},
				"south": {"uv": [6.5, 12.5, 7, 13], "texture": "#0"},
				"west": {"uv": [13.84375, 13.96875, 14.5, 16], "texture": "#0"},
				"up": {"uv": [7.25, 11.75, 7.75, 12.25], "texture": "#0"},
				"down": {"uv": [5.75, 13.25, 6.25, 13.75], "texture": "#0"}
			}
		},
		{
			"name": "wall",
			"from": [12.95, 6.385, -4.543],
			"to": [12.95, 15.295, -3.52],
			"rotation": {"angle": 0, "axis": "y", "origin": [8.33, 11.665, 4.89566]},
			"faces": {
				"north": {"uv": [7.75, 11.75, 7.25, 12.25], "texture": "#0"},
				"east": {"uv": [16, 9.46875, 14.75, 11.5], "texture": "#0"},
				"south": {"uv": [7, 12.5, 6.5, 13], "texture": "#0"},
				"west": {"uv": [16, 11.71875, 15.875, 13.75], "texture": "#0"},
				"up": {"uv": [16, 11.71875, 15.875, 13.75], "texture": "#0"},
				"down": {"uv": [6.25, 13.25, 5.75, 13.75], "texture": "#0"}
			}
		},
		{
			"name": "wall",
			"from": [3.05, 6.385, -4.543],
			"to": [3.05, 15.295, -3.52],
			"rotation": {"angle": 0, "axis": "y", "origin": [7.67, 11.665, 4.89566]},
			"faces": {
				"north": {"uv": [7.25, 11.75, 7.75, 12.25], "texture": "#0"},
				"east": {"uv": [16, 11.71875, 15.875, 13.75], "texture": "#0"},
				"south": {"uv": [6.5, 12.5, 7, 13], "texture": "#0"},
				"west": {"uv": [14.75, 9.46875, 16, 11.5], "texture": "#0"},
				"up": {"uv": [7.25, 11.75, 7.75, 12.25], "texture": "#0"},
				"down": {"uv": [5.75, 13.25, 6.25, 13.75], "texture": "#0"}
			}
		},
		{
			"name": "wall",
			"from": [12.95, 6.385, -1.20934],
			"to": [12.95, 15.295, 1.96066],
			"rotation": {"angle": 0, "axis": "y", "origin": [8.33, 11.665, 10.17566]},
			"faces": {
				"north": {"uv": [7.75, 11.75, 7.25, 12.25], "texture": "#0"},
				"east": {"uv": [16, 9.46875, 14.75, 11.5], "texture": "#0"},
				"south": {"uv": [7, 12.5, 6.5, 13], "texture": "#0"},
				"west": {"uv": [16, 11.71875, 15.875, 13.75], "texture": "#0"},
				"up": {"uv": [6.53125, 11.78125, 6.96875, 12.21875], "texture": "#0"},
				"down": {"uv": [6.25, 13.25, 5.75, 13.75], "texture": "#0"}
			}
		},
		{
			"name": "wall",
			"from": [3.05, 6.385, -1.20934],
			"to": [3.05, 15.295, 1.96066],
			"rotation": {"angle": 0, "axis": "y", "origin": [7.67, 11.665, 10.17566]},
			"faces": {
				"north": {"uv": [7.25, 11.75, 7.75, 12.25], "texture": "#0"},
				"east": {"uv": [16, 11.71875, 15.875, 13.75], "texture": "#0"},
				"south": {"uv": [6.5, 12.5, 7, 13], "texture": "#0"},
				"west": {"uv": [14.75, 9.46875, 16, 11.5], "texture": "#0"},
				"up": {"uv": [7.25, 11.75, 7.75, 12.25], "texture": "#0"},
				"down": {"uv": [5.75, 13.25, 6.25, 13.75], "texture": "#0"}
			}
		},
		{
			"name": "wall",
			"from": [3.281, 15.295, -4.50934],
			"to": [3.512, 15.526, 26.34566],
			"rotation": {"angle": 0, "axis": "y", "origin": [8.33, 20.575, 0.77066]},
			"faces": {
				"north": {"uv": [7.25, 11.75, 7.75, 12.25], "texture": "#0"},
				"east": {"uv": [7.25, 13.25, 7.75, 13.75], "texture": "#0"},
				"south": {"uv": [7.25, 11.75, 7.75, 12.25], "texture": "#0"},
				"west": {"uv": [7.25, 11.75, 7.75, 12.25], "texture": "#0"},
				"up": {"uv": [7.25, 11.75, 7.75, 12.25], "texture": "#0"},
				"down": {"uv": [7.25, 13.25, 7.75, 13.75], "texture": "#0"}
			}
		},
		{
			"name": "wall",
			"from": [12.488, 15.295, -4.50934],
			"to": [12.719, 15.526, 26.34566],
			"rotation": {"angle": 0, "axis": "y", "origin": [7.67, 20.575, 0.77066]},
			"faces": {
				"north": {"uv": [7.75, 11.75, 7.25, 12.25], "texture": "#0"},
				"east": {"uv": [7.25, 11.75, 7.75, 12.25], "texture": "#0"},
				"south": {"uv": [7.75, 11.75, 7.25, 12.25], "texture": "#0"},
				"west": {"uv": [7.75, 13.25, 7.25, 13.75], "texture": "#0"},
				"up": {"uv": [7.25, 11.75, 7.75, 12.25], "texture": "#0"},
				"down": {"uv": [7.75, 13.25, 7.25, 13.75], "texture": "#0"}
			}
		},
		{
			"name": "wall",
			"from": [3.941, 15.757, -4.50934],
			"to": [4.172, 15.988, 26.34566],
			"rotation": {"angle": 0, "axis": "y", "origin": [8.99, 21.07, 0.77066]},
			"faces": {
				"north": {"uv": [7.25, 11.75, 7.75, 12.25], "texture": "#0"},
				"east": {"uv": [7.25, 13.25, 7.75, 13.75], "texture": "#0"},
				"south": {"uv": [7.25, 11.75, 7.75, 12.25], "texture": "#0"},
				"west": {"uv": [7.25, 11.75, 7.75, 12.25], "texture": "#0"},
				"up": {"uv": [7.25, 11.75, 7.75, 12.25], "texture": "#0"},
				"down": {"uv": [7.25, 13.25, 7.75, 13.75], "texture": "#0"}
			}
		},
		{
			"name": "wall",
			"from": [11.828, 15.757, -4.50934],
			"to": [12.059, 15.988, 26.34566],
			"rotation": {"angle": 0, "axis": "y", "origin": [7.01, 21.07, 0.77066]},
			"faces": {
				"north": {"uv": [7.75, 11.75, 7.25, 12.25], "texture": "#0"},
				"east": {"uv": [7.25, 11.75, 7.75, 12.25], "texture": "#0"},
				"south": {"uv": [7.75, 11.75, 7.25, 12.25], "texture": "#0"},
				"west": {"uv": [7.75, 13.25, 7.25, 13.75], "texture": "#0"},
				"up": {"uv": [7.25, 11.75, 7.75, 12.25], "texture": "#0"},
				"down": {"uv": [7.75, 13.25, 7.25, 13.75], "texture": "#0"}
			}
		},
		{
			"name": "wall",
			"from": [3.512, 15.526, -4.50934],
			"to": [3.941, 15.757, 26.34566],
			"rotation": {"angle": 0, "axis": "y", "origin": [8.495, 20.905, 0.77066]},
			"faces": {
				"north": {"uv": [7.25, 11.75, 7.75, 12.25], "texture": "#0"},
				"east": {"uv": [7.25, 13.25, 7.75, 13.75], "texture": "#0"},
				"south": {"uv": [7.25, 11.75, 7.75, 12.25], "texture": "#0"},
				"west": {"uv": [7.25, 11.75, 7.75, 12.25], "texture": "#0"},
				"up": {"uv": [7.25, 11.75, 7.75, 12.25], "texture": "#0"},
				"down": {"uv": [7.25, 13.25, 7.75, 13.75], "texture": "#0"}
			}
		},
		{
			"name": "wall",
			"from": [12.059, 15.526, -4.50934],
			"to": [12.488, 15.757, 26.34566],
			"rotation": {"angle": 0, "axis": "y", "origin": [7.505, 20.905, 0.77066]},
			"faces": {
				"north": {"uv": [7.75, 11.75, 7.25, 12.25], "texture": "#0"},
				"east": {"uv": [7.25, 11.75, 7.75, 12.25], "texture": "#0"},
				"south": {"uv": [7.75, 11.75, 7.25, 12.25], "texture": "#0"},
				"west": {"uv": [7.75, 13.25, 7.25, 13.75], "texture": "#0"},
				"up": {"uv": [7.25, 11.75, 7.75, 12.25], "texture": "#0"},
				"down": {"uv": [7.75, 13.25, 7.25, 13.75], "texture": "#0"}
			}
		},
		{
			"name": "wall",
			"from": [4.172, 15.988, -4.50934],
			"to": [4.766, 16.219, 26.34566],
			"rotation": {"angle": 0, "axis": "y", "origin": [9.155, 21.4, 0.77066]},
			"faces": {
				"north": {"uv": [7.25, 11.75, 7.75, 12.25], "texture": "#0"},
				"east": {"uv": [7.25, 13.25, 7.75, 13.75], "texture": "#0"},
				"south": {"uv": [7.25, 11.75, 7.75, 12.25], "texture": "#0"},
				"west": {"uv": [5.75, 13.25, 6.25, 13.75], "texture": "#0"},
				"up": {"uv": [5.75, 13.25, 6.25, 13.75], "texture": "#0"},
				"down": {"uv": [7.25, 13.25, 7.75, 13.75], "texture": "#0"}
			}
		},
		{
			"name": "wall",
			"from": [11.234, 15.988, -4.50934],
			"to": [11.828, 16.219, 26.34566],
			"rotation": {"angle": 0, "axis": "y", "origin": [6.845, 21.4, 0.77066]},
			"faces": {
				"north": {"uv": [7.75, 11.75, 7.25, 12.25], "texture": "#0"},
				"east": {"uv": [6.25, 13.25, 5.75, 13.75], "texture": "#0"},
				"south": {"uv": [7.75, 11.75, 7.25, 12.25], "texture": "#0"},
				"west": {"uv": [7.75, 13.25, 7.25, 13.75], "texture": "#0"},
				"up": {"uv": [6.25, 13.25, 5.75, 13.75], "texture": "#0"},
				"down": {"uv": [7.75, 13.25, 7.25, 13.75], "texture": "#0"}
			}
		},
		{
			"name": "wall",
			"from": [4.634, 16.186, -4.50934],
			"to": [11.366, 16.417, 26.34566],
			"rotation": {"angle": 0, "axis": "y", "origin": [9.485, 21.895, 0.77066]},
			"faces": {
				"north": {"uv": [5.75, 13.25, 6.25, 13.75], "texture": "#0"},
				"east": {"uv": [5.75, 13.25, 6.25, 13.75], "texture": "#0"},
				"south": {"uv": [5.75, 13.25, 6.25, 13.75], "texture": "#0"},
				"west": {"uv": [5.75, 13.25, 6.25, 13.75], "texture": "#0"},
				"up": {"uv": [5.75, 13.25, 6.25, 13.75], "texture": "#0"},
				"down": {"uv": [5.75, 13.25, 6.25, 13.75], "texture": "#0"}
			}
		},
		{
			"name": "wall",
			"from": [3.0665, 15.064, -4.50934],
			"to": [3.2975, 15.295, 26.34566],
			"rotation": {"angle": 0, "axis": "y", "origin": [8.165, 20.41, 0.77066]},
			"faces": {
				"north": {"uv": [7.25, 11.75, 7.75, 12.25], "texture": "#0"},
				"east": {"uv": [7.25, 13.25, 7.75, 13.75], "texture": "#0"},
				"south": {"uv": [7.25, 11.75, 7.75, 12.25], "texture": "#0"},
				"west": {"uv": [7.25, 11.75, 7.75, 12.25], "texture": "#0"},
				"up": {"uv": [7.25, 11.75, 7.75, 12.25], "texture": "#0"},
				"down": {"uv": [7.25, 13.25, 7.75, 13.75], "texture": "#0"}
			}
		},
		{
			"name": "wall",
			"from": [12.7025, 15.064, -4.50934],
			"to": [12.9335, 15.295, 26.34566],
			"rotation": {"angle": 0, "axis": "y", "origin": [7.835, 20.41, 0.77066]},
			"faces": {
				"north": {"uv": [7.75, 11.75, 7.25, 12.25], "texture": "#0"},
				"east": {"uv": [7.75, 11.75, 7.25, 12.25], "texture": "#0"},
				"south": {"uv": [7.75, 11.75, 7.25, 12.25], "texture": "#0"},
				"west": {"uv": [7.75, 13.25, 7.25, 13.75], "texture": "#0"},
				"up": {"uv": [7.75, 11.75, 7.25, 12.25], "texture": "#0"},
				"down": {"uv": [7.75, 13.25, 7.25, 13.75], "texture": "#0"}
			}
		},
		{
			"name": "face",
			"from": [3.05, 6.055, 26.3516],
			"to": [12.95, 16.45, 26.3516],
			"rotation": {"angle": 0, "axis": "y", "origin": [8, 6.055, 25.685]},
			"faces": {
				"north": {"uv": [0, 0, 5.5, 5.75], "texture": "#0"},
				"south": {"uv": [5.75, 0, 11.25, 5.75], "texture": "#0"}
			}
		},
		{
			"name": "face",
			"from": [3.05, 6.055, -4.543],
			"to": [12.95, 16.45, -4.543],
			"rotation": {"angle": 0, "axis": "y", "origin": [8, 6.055, -5.17]},
			"faces": {
				"north": {"uv": [0, 5.75, 5.5, 11.5], "texture": "#0"},
				"south": {"uv": [5.5, 5.75, 0, 11.5], "texture": "#0"}
			}
		},
		{
			"name": "face",
			"from": [3.05, 6.055, -1.21],
			"to": [12.95, 16.615, -1.21],
			"rotation": {"angle": 0, "axis": "y", "origin": [8, 6.055, -1.87]},
			"faces": {
				"north": {"uv": [11.25, 5.75, 5.75, 11.65625], "texture": "#0"},
				"south": {"uv": [5.75, 5.75, 11.25, 11.65625], "texture": "#0"}
			}
		},
		{
			"name": "door",
			"from": [12.95, 6.649, -3.52],
			"to": [12.95, 14.899, -1.21],
			"rotation": {"angle": 0, "axis": "y", "origin": [7.67, 11.83, 2.42]},
			"faces": {
				"north": {"uv": [0, 0, 0, 0.33594], "texture": "#missing"},
				"east": {"uv": [13.75, 9.71875, 13.25, 11.25], "texture": "#0"},
				"south": {"uv": [0, 0, 0, 0.33594], "texture": "#missing"},
				"west": {"uv": [14.5, 9.71875, 14, 11.25], "texture": "#0"},
				"up": {"uv": [0, 0, 0, 0.14063], "texture": "#missing"},
				"down": {"uv": [0, 0, 0, 0.14063], "texture": "#missing"}
			}
		},
		{
			"name": "door",
			"from": [3.05, 6.616, -3.52],
			"to": [3.05, 14.899, -1.21],
			"rotation": {"angle": 0, "axis": "y", "origin": [8.33, 11.83, 2.42]},
			"faces": {
				"north": {"uv": [0, 0, 0, 0.33594], "texture": "#missing"},
				"east": {"uv": [14.5, 9.71875, 14, 11.25], "texture": "#0"},
				"south": {"uv": [0, 0, 0, 0.33594], "texture": "#missing"},
				"west": {"uv": [13.75, 9.71875, 13.25, 11.25], "texture": "#0"},
				"up": {"uv": [0, 0, 0, 0.14063], "texture": "#missing"},
				"down": {"uv": [0, 0, 0, 0.14063], "texture": "#missing"}
			}
		},
		{
			"name": "pool",
			"from": [5.525, 13.315, -1.375],
			"to": [5.525, 15.295, 25.685],
			"rotation": {"angle": 0, "axis": "y", "origin": [10.805, 19.915, 11.165]},
			"faces": {
				"east": {"uv": [12.5, 0, 13, 7], "rotation": 270, "texture": "#0"},
				"west": {"uv": [12.5, 0, 13, 7], "rotation": 270, "texture": "#0"}
			}
		},
		{
			"name": "pool",
			"from": [5.855, 13.315, 18.095],
			"to": [10.145, 15.295, 18.095],
			"rotation": {"angle": 0, "axis": "y", "origin": [15.095, 19.915, 12.815]},
			"faces": {
				"north": {"uv": [12.5, 5.25, 13, 7], "rotation": 270, "texture": "#0"},
				"south": {"uv": [12.5, 5.25, 13, 7], "rotation": 270, "texture": "#0"}
			}
		},
		{
			"name": "pool",
			"from": [5.855, 13.315, 3.575],
			"to": [10.145, 15.295, 3.575],
			"rotation": {"angle": 0, "axis": "y", "origin": [15.095, 19.915, -1.705]},
			"faces": {
				"north": {"uv": [12.5, 5.25, 13, 7], "rotation": 270, "texture": "#0"},
				"south": {"uv": [12.5, 5.25, 13, 7], "rotation": 270, "texture": "#0"}
			}
		},
		{
			"name": "pool",
			"from": [10.475, 13.315, -1.375],
			"to": [10.475, 15.295, 25.685],
			"rotation": {"angle": 0, "axis": "y", "origin": [5.195, 19.915, 11.165]},
			"faces": {
				"east": {"uv": [12.5, 7, 13, 0], "rotation": 270, "texture": "#0"},
				"west": {"uv": [12.5, 7, 13, 0], "rotation": 270, "texture": "#0"}
			}
		},
		{
			"name": "pool",
			"from": [5.36, 15.13, -1.21],
			"to": [5.69, 15.46, 26.345],
			"rotation": {"angle": 0, "axis": "y", "origin": [10.97, 19.915, 11.165]},
			"faces": {
				"north": {"uv": [7.28125, 13.28125, 7.71875, 13.71875], "texture": "#0"},
				"east": {"uv": [5.75, 13.25, 6.25, 13.75], "texture": "#0"},
				"south": {"uv": [5.75, 13.25, 6.25, 13.75], "texture": "#0"},
				"west": {"uv": [5.75, 13.25, 6.25, 13.75], "texture": "#0"},
				"up": {"uv": [5.75, 13.25, 6.25, 13.75], "texture": "#0"},
				"down": {"uv": [5.75, 13.25, 6.25, 13.75], "texture": "#0"}
			}
		},
		{
			"name": "pool",
			"from": [5.525, 15.13, 18.095],
			"to": [10.31, 15.46, 18.425],
			"rotation": {"angle": 0, "axis": "y", "origin": [14.6, 19.915, 12.815]},
			"faces": {
				"north": {"uv": [5.75, 13.25, 6.25, 13.75], "rotation": 270, "texture": "#0"},
				"east": {"uv": [5.75, 13.25, 6.25, 13.75], "rotation": 270, "texture": "#0"},
				"south": {"uv": [5.75, 13.25, 6.25, 13.75], "rotation": 270, "texture": "#0"},
				"west": {"uv": [5.75, 13.25, 6.25, 13.75], "rotation": 270, "texture": "#0"},
				"up": {"uv": [5.75, 13.25, 6.25, 13.75], "rotation": 270, "texture": "#0"},
				"down": {"uv": [5.75, 13.25, 6.25, 13.75], "rotation": 270, "texture": "#0"}
			}
		},
		{
			"name": "pool",
			"from": [5.525, 15.13, 3.575],
			"to": [10.31, 15.46, 3.905],
			"rotation": {"angle": 0, "axis": "y", "origin": [14.6, 19.915, -1.705]},
			"faces": {
				"north": {"uv": [5.75, 13.25, 6.25, 13.75], "rotation": 270, "texture": "#0"},
				"east": {"uv": [5.75, 13.25, 6.25, 13.75], "rotation": 270, "texture": "#0"},
				"south": {"uv": [5.75, 13.25, 6.25, 13.75], "rotation": 270, "texture": "#0"},
				"west": {"uv": [5.75, 13.25, 6.25, 13.75], "rotation": 270, "texture": "#0"},
				"up": {"uv": [5.75, 13.25, 6.25, 13.75], "rotation": 270, "texture": "#0"},
				"down": {"uv": [5.75, 13.25, 6.25, 13.75], "rotation": 270, "texture": "#0"}
			}
		},
		{
			"name": "pool",
			"from": [10.31, 15.13, -1.21],
			"to": [10.64, 15.46, 26.345],
			"rotation": {"angle": 0, "axis": "y", "origin": [5.03, 19.915, 11.165]},
			"faces": {
				"north": {"uv": [7.71875, 13.28125, 7.28125, 13.71875], "texture": "#0"},
				"east": {"uv": [6.25, 13.25, 5.75, 13.75], "texture": "#0"},
				"south": {"uv": [6.25, 13.25, 5.75, 13.75], "texture": "#0"},
				"west": {"uv": [6.25, 13.25, 5.75, 13.75], "texture": "#0"},
				"up": {"uv": [6.25, 13.25, 5.75, 13.75], "texture": "#0"},
				"down": {"uv": [6.25, 13.25, 5.75, 13.75], "texture": "#0"}
			}
		},
		{
			"name": "chair",
			"from": [3.38, 7.87, 20.405],
			"to": [5.855, 8.2, 26.345],
			"rotation": {"angle": 0, "axis": "y", "origin": [8.66, 13.15, 21.725]},
			"faces": {
				"north": {"uv": [11.5, 1.5, 12, 0], "rotation": 90, "texture": "#0"},
				"east": {"uv": [11.5, 0, 12, 4.5], "rotation": 90, "texture": "#0"},
				"south": {"uv": [11.5, 1.5, 12, 0], "rotation": 90, "texture": "#0"},
				"west": {"uv": [11.5, 0, 12, 4.5], "texture": "#0"},
				"up": {"uv": [11.5, 0, 12, 4.5], "texture": "#0"},
				"down": {"uv": [11.5, 0, 12, 4.5], "texture": "#0"}
			}
		},
		{
			"name": "chair",
			"from": [10.145, 7.87, 20.405],
			"to": [12.62, 8.2, 26.345],
			"rotation": {"angle": 0, "axis": "y", "origin": [7.34, 13.15, 21.725]},
			"faces": {
				"north": {"uv": [11.5, 1.5, 12, 0], "rotation": 90, "texture": "#0"},
				"east": {"uv": [12, 0, 11.5, 4.5], "texture": "#0"},
				"south": {"uv": [11.5, 1.5, 12, 0], "rotation": 90, "texture": "#0"},
				"west": {"uv": [11.5, 4.5, 12, 0], "rotation": 90, "texture": "#0"},
				"up": {"uv": [12, 0, 11.5, 4.5], "texture": "#0"},
				"down": {"uv": [12, 0, 11.5, 4.5], "texture": "#0"}
			}
		},
		{
			"name": "chair",
			"from": [3.71, 7.705, -4.015],
			"to": [5.69, 8.035, -1.54],
			"rotation": {"angle": 0, "axis": "y", "origin": [4.37, 12.985, -6.82]},
			"faces": {
				"north": {"uv": [11.5, 1.5, 12, 0], "rotation": 90, "texture": "#0"},
				"east": {"uv": [11.5, 1.5, 12, 0], "rotation": 90, "texture": "#0"},
				"south": {"uv": [11.5, 1.5, 12, 0], "rotation": 90, "texture": "#0"},
				"west": {"uv": [11.5, 1.5, 12, 0], "rotation": 90, "texture": "#0"},
				"up": {"uv": [11.5, 1.5, 12, 0], "rotation": 180, "texture": "#0"},
				"down": {"uv": [11.5, 1.5, 12, 0], "texture": "#0"}
			}
		},
		{
			"name": "chair",
			"from": [3.38, 7.87, 5.72],
			"to": [5.855, 8.2, 16.115],
			"rotation": {"angle": 0, "axis": "y", "origin": [8.66, 13.15, 11.165]},
			"faces": {
				"north": {"uv": [11.5, 1.5, 12, 0], "rotation": 90, "texture": "#0"},
				"east": {"uv": [11.5, 0, 12, 9], "rotation": 90, "texture": "#0"},
				"south": {"uv": [11.5, 1.5, 12, 0], "rotation": 90, "texture": "#0"},
				"west": {"uv": [11.5, 0, 12, 4.5], "texture": "#0"},
				"up": {"uv": [11.5, 0, 12, 9], "texture": "#0"},
				"down": {"uv": [11.5, 0, 12, 9], "texture": "#0"}
			}
		},
		{
			"name": "chair",
			"from": [10.145, 7.87, 5.72],
			"to": [12.62, 8.2, 16.115],
			"rotation": {"angle": 0, "axis": "y", "origin": [7.34, 13.15, 11.165]},
			"faces": {
				"north": {"uv": [11.5, 1.5, 12, 0], "rotation": 90, "texture": "#0"},
				"east": {"uv": [12, 0, 11.5, 4.5], "texture": "#0"},
				"south": {"uv": [11.5, 1.5, 12, 0], "rotation": 90, "texture": "#0"},
				"west": {"uv": [11.5, 9, 12, 0], "rotation": 90, "texture": "#0"},
				"up": {"uv": [12, 0, 11.5, 9], "texture": "#0"},
				"down": {"uv": [12, 0, 11.5, 9], "texture": "#0"}
			}
		},
		{
			"name": "chair",
			"from": [3.38, 6.55, 5.7134],
			"to": [6.02, 11.17, 5.7134],
			"rotation": {"angle": 0, "axis": "y", "origin": [8.66, 11.83, 1.595]},
			"faces": {
				"north": {"uv": [14.5, 8, 12.53125, 9.5], "texture": "#0"},
				"south": {"uv": [12.53125, 8, 14.5, 9.5], "texture": "#0"}
			}
		},
		{
			"name": "chair",
			"from": [9.98, 6.55, 5.7134],
			"to": [12.62, 11.17, 5.7134],
			"rotation": {"angle": 0, "axis": "y", "origin": [7.34, 11.83, 1.595]},
			"faces": {
				"north": {"uv": [12.53125, 8, 14.5, 9.5], "texture": "#0"},
				"south": {"uv": [14.5, 8, 12.53125, 9.5], "texture": "#0"}
			}
		},
		{
			"name": "chair",
			"from": [3.38, 6.55, 20.3984],
			"to": [6.02, 11.17, 20.3984],
			"rotation": {"angle": 0, "axis": "y", "origin": [8.66, 11.83, 16.28]},
			"faces": {
				"north": {"uv": [14.5, 8, 12.53125, 9.5], "texture": "#0"},
				"south": {"uv": [12.53125, 8, 14.5, 9.5], "texture": "#0"}
			}
		},
		{
			"name": "chair",
			"from": [9.98, 6.55, 20.3984],
			"to": [12.62, 11.17, 20.3984],
			"rotation": {"angle": 0, "axis": "y", "origin": [7.34, 11.83, 16.28]},
			"faces": {
				"north": {"uv": [12.53125, 8, 14.5, 9.5], "texture": "#0"},
				"south": {"uv": [14.5, 8, 12.53125, 9.5], "texture": "#0"}
			}
		},
		{
			"name": "chair",
			"from": [3.38, 6.55, 16.181],
			"to": [6.02, 11.17, 16.181],
			"rotation": {"angle": 0, "axis": "y", "origin": [8.66, 11.83, 11.99]},
			"faces": {
				"north": {"uv": [14.5, 8, 12.53125, 9.5], "texture": "#0"},
				"south": {"uv": [12.53125, 8, 14.5, 9.5], "texture": "#0"}
			}
		},
		{
			"name": "chair",
			"from": [9.98, 6.55, 16.181],
			"to": [12.62, 11.17, 16.181],
			"rotation": {"angle": 0, "axis": "y", "origin": [7.34, 11.83, 11.99]},
			"faces": {
				"north": {"uv": [12.53125, 8, 14.5, 9.5], "texture": "#0"},
				"south": {"uv": [14.5, 8, 12.53125, 9.5], "texture": "#0"}
			}
		},
		{
			"name": "chair",
			"from": [3.38, 6.55, 6.215],
			"to": [5.36, 7.87, 15.62],
			"rotation": {"angle": 0, "axis": "y", "origin": [8.66, 11.83, 11.165]},
			"faces": {
				"north": {"uv": [5.78125, 13.3125, 6.21875, 13.75], "texture": "#0"},
				"east": {"uv": [12, 0, 12.28125, 9], "rotation": 90, "texture": "#0"},
				"south": {"uv": [5.78125, 13.3125, 6.21875, 13.75], "texture": "#0"},
				"west": {"uv": [5.78125, 13.3125, 6.21875, 13.75], "texture": "#0"},
				"up": {"uv": [11.5, 0, 12, 9], "texture": "#0"},
				"down": {"uv": [12, 0, 12.28125, 9], "rotation": 90, "texture": "#0"}
			}
		},
		{
			"name": "chair",
			"from": [10.64, 6.55, 6.215],
			"to": [12.62, 7.87, 15.62],
			"rotation": {"angle": 0, "axis": "y", "origin": [7.34, 11.83, 11.165]},
			"faces": {
				"north": {"uv": [6.21875, 13.3125, 5.78125, 13.75], "texture": "#0"},
				"east": {"uv": [6.21875, 13.3125, 5.78125, 13.75], "texture": "#0"},
				"south": {"uv": [6.21875, 13.3125, 5.78125, 13.75], "texture": "#0"},
				"west": {"uv": [12, 9, 12.28125, 0], "rotation": 90, "texture": "#0"},
				"up": {"uv": [12, 0, 11.5, 9], "texture": "#0"},
				"down": {"uv": [12, 9, 12.28125, 0], "rotation": 90, "texture": "#0"}
			}
		},
		{
			"name": "chair",
			"from": [3.38, 6.55, 20.9],
			"to": [5.36, 7.87, 25.85],
			"rotation": {"angle": 0, "axis": "y", "origin": [8.66, 11.83, 21.725]},
			"faces": {
				"north": {"uv": [5.78125, 13.3125, 6.21875, 13.75], "texture": "#0"},
				"east": {"uv": [12, 0, 12.28125, 9], "rotation": 90, "texture": "#0"},
				"south": {"uv": [5.78125, 13.3125, 6.21875, 13.75], "texture": "#0"},
				"west": {"uv": [5.78125, 13.3125, 6.21875, 13.75], "texture": "#0"},
				"up": {"uv": [11.5, 0, 12, 4.5], "texture": "#0"},
				"down": {"uv": [12, 0, 12.28125, 9], "rotation": 90, "texture": "#0"}
			}
		},
		{
			"name": "chair",
			"from": [10.64, 6.55, 20.9],
			"to": [12.62, 7.87, 25.85],
			"rotation": {"angle": 0, "axis": "y", "origin": [7.34, 11.83, 21.725]},
			"faces": {
				"north": {"uv": [6.21875, 13.3125, 5.78125, 13.75], "texture": "#0"},
				"east": {"uv": [6.21875, 13.3125, 5.78125, 13.75], "texture": "#0"},
				"south": {"uv": [6.21875, 13.3125, 5.78125, 13.75], "texture": "#0"},
				"west": {"uv": [12, 9, 12.28125, 0], "rotation": 90, "texture": "#0"},
				"up": {"uv": [12, 0, 11.5, 4.5], "texture": "#0"},
				"down": {"uv": [12, 9, 12.28125, 0], "rotation": 90, "texture": "#0"}
			}
		},
		{
			"name": "chair",
			"from": [3.875, 6.385, -3.52],
			"to": [5.525, 7.705, -1.54],
			"rotation": {"angle": 0, "axis": "y", "origin": [4.7, 11.665, -6.82]},
			"faces": {
				"north": {"uv": [12, 9, 12.28125, 0], "rotation": 90, "texture": "#0"},
				"east": {"uv": [6.21875, 13.3125, 5.78125, 13.75], "texture": "#0"},
				"south": {"uv": [6.21875, 13.3125, 5.78125, 13.75], "texture": "#0"},
				"west": {"uv": [6.21875, 13.3125, 5.78125, 13.75], "texture": "#0"},
				"up": {"uv": [11.5, 1.5, 12, 0], "rotation": 180, "texture": "#0"},
				"down": {"uv": [12, 9, 12.28125, 0], "texture": "#0"}
			}
		},
		{
			"name": "chair",
			"from": [3.38, 7.87, 5.72],
			"to": [3.71, 10.18, 16.115],
			"rotation": {"angle": 0, "axis": "y", "origin": [8.66, 13.15, 11.165]},
			"faces": {
				"north": {"uv": [11.5, 0, 12, 1.5], "rotation": 90, "texture": "#0"},
				"east": {"uv": [11.5, 0, 12, 9], "rotation": 90, "texture": "#0"},
				"south": {"uv": [11.5, 0, 12, 1.5], "rotation": 90, "texture": "#0"},
				"west": {"uv": [11.5, 0, 12, 9], "rotation": 90, "texture": "#0"},
				"up": {"uv": [11.5, 0, 12, 9], "texture": "#0"},
				"down": {"uv": [11.5, 0, 12, 9], "rotation": 90, "texture": "#0"}
			}
		},
		{
			"name": "chair",
			"from": [12.29, 7.87, 5.72],
			"to": [12.62, 10.18, 16.115],
			"rotation": {"angle": 0, "axis": "y", "origin": [7.34, 13.15, 11.165]},
			"faces": {
				"north": {"uv": [11.5, 1.5, 12, 0], "rotation": 90, "texture": "#0"},
				"east": {"uv": [11.5, 9, 12, 0], "rotation": 90, "texture": "#0"},
				"south": {"uv": [11.5, 1.5, 12, 0], "rotation": 90, "texture": "#0"},
				"west": {"uv": [11.5, 9, 12, 0], "rotation": 90, "texture": "#0"},
				"up": {"uv": [12, 0, 11.5, 9], "texture": "#0"},
				"down": {"uv": [11.5, 9, 12, 0], "rotation": 90, "texture": "#0"}
			}
		},
		{
			"name": "chair",
			"from": [3.38, 7.87, 20.405],
			"to": [3.71, 10.18, 26.345],
			"rotation": {"angle": 0, "axis": "y", "origin": [8.66, 13.15, 21.725]},
			"faces": {
				"north": {"uv": [11.5, 0, 12, 1.5], "rotation": 90, "texture": "#0"},
				"east": {"uv": [11.5, 0, 12, 4.5], "rotation": 90, "texture": "#0"},
				"south": {"uv": [11.5, 0, 12, 1.5], "rotation": 90, "texture": "#0"},
				"west": {"uv": [11.5, 0, 12, 4.5], "rotation": 90, "texture": "#0"},
				"up": {"uv": [11.5, 0, 12, 4.5], "texture": "#0"},
				"down": {"uv": [11.5, 0, 12, 9], "rotation": 90, "texture": "#0"}
			}
		},
		{
			"name": "chair",
			"from": [12.29, 7.87, 20.405],
			"to": [12.62, 10.18, 26.345],
			"rotation": {"angle": 0, "axis": "y", "origin": [7.34, 13.15, 21.725]},
			"faces": {
				"north": {"uv": [11.5, 1.5, 12, 0], "rotation": 90, "texture": "#0"},
				"east": {"uv": [11.5, 4.5, 12, 0], "rotation": 90, "texture": "#0"},
				"south": {"uv": [11.5, 1.5, 12, 0], "rotation": 90, "texture": "#0"},
				"west": {"uv": [11.5, 4.5, 12, 0], "rotation": 90, "texture": "#0"},
				"up": {"uv": [12, 0, 11.5, 4.5], "texture": "#0"},
				"down": {"uv": [11.5, 9, 12, 0], "rotation": 90, "texture": "#0"}
			}
		},
		{
			"name": "chair",
			"from": [3.71, 7.705, -1.54],
			"to": [5.69, 10.015, -1.243],
			"rotation": {"angle": 0, "axis": "y", "origin": [4.37, 12.985, -6.49]},
			"faces": {
				"north": {"uv": [11.5, 1.5, 12, 0], "rotation": 90, "texture": "#0"},
				"east": {"uv": [11.5, 1.5, 12, 0], "rotation": 90, "texture": "#0"},
				"south": {"uv": [11.5, 1.5, 12, 0], "rotation": 90, "texture": "#0"},
				"west": {"uv": [11.5, 1.5, 12, 0], "rotation": 90, "texture": "#0"},
				"up": {"uv": [11.5, 1.5, 12, 0], "rotation": 180, "texture": "#0"},
				"down": {"uv": [11.5, 1.5, 12, 0], "texture": "#0"}
			}
		},
		{
			"from": [6.515, 6.055, 26.345],
			"to": [9.485, 6.22, 27.675],
			"rotation": {"angle": 0, "axis": "y", "origin": [11.96, 11.17, 21.23]},
			"faces": {
				"north": {"uv": [0.75, 13.53125, 1.25, 14.25], "rotation": 90, "texture": "#0"},
				"east": {"uv": [0.75, 13.53125, 1.25, 14.25], "rotation": 90, "texture": "#0"},
				"south": {"uv": [5.78125, 13.3125, 6.21875, 13.75], "texture": "#0"},
				"west": {"uv": [0.75, 13.53125, 1.25, 14.25], "rotation": 90, "texture": "#0"},
				"up": {"uv": [5.78125, 13.3125, 6.21875, 13.75], "texture": "#0"},
				"down": {"uv": [5.78125, 13.3125, 6.21875, 13.75], "texture": "#0"}
			}
		},
		{
			"from": [6.515, 14.305, 26.345],
			"to": [9.485, 14.47, 27.675],
			"rotation": {"angle": 0, "axis": "y", "origin": [11.96, 19.42, 21.23]},
			"faces": {
				"north": {"uv": [6.21875, 13.28125, 5.78125, 13.71875], "texture": "#0"},
				"east": {"uv": [6.21875, 13.28125, 5.78125, 13.71875], "texture": "#0"},
				"south": {"uv": [0.75, 13.53125, 1.25, 14.25], "rotation": 90, "texture": "#0"},
				"west": {"uv": [6.21875, 13.28125, 5.78125, 13.71875], "texture": "#0"},
				"up": {"uv": [6.21875, 13.28125, 5.78125, 13.71875], "texture": "#0"},
				"down": {"uv": [6.21875, 13.28125, 5.78125, 13.71875], "texture": "#0"}
			}
		},
		{
			"from": [9.485, 6.22, 26.345],
			"to": [9.65, 14.305, 27.675],
			"rotation": {"angle": 0, "axis": "y", "origin": [11.63, 11.335, 21.23]},
			"faces": {
				"north": {"uv": [0.75, 13.53125, 1.25, 14.25], "rotation": 90, "texture": "#0"},
				"east": {"uv": [0.75, 13.53125, 1.25, 14.25], "rotation": 90, "texture": "#0"},
				"south": {"uv": [0.75, 13.53125, 1.25, 14.25], "rotation": 90, "texture": "#0"},
				"west": {"uv": [0.75, 13.53125, 1.25, 14.25], "rotation": 90, "texture": "#0"},
				"up": {"uv": [0.75, 13.53125, 1.25, 14.25], "rotation": 90, "texture": "#0"},
				"down": {"uv": [0.75, 13.53125, 1.25, 14.25], "rotation": 90, "texture": "#0"}
			}
		},
		{
			"from": [6.35, 6.22, 26.345],
			"to": [6.515, 14.305, 27.675],
			"rotation": {"angle": 0, "axis": "y", "origin": [4.37, 11.335, 21.23]},
			"faces": {
				"north": {"uv": [0.75, 13.53125, 1.25, 14.25], "rotation": 90, "texture": "#0"},
				"east": {"uv": [0.75, 13.53125, 1.25, 14.25], "rotation": 90, "texture": "#0"},
				"south": {"uv": [0.75, 13.53125, 1.25, 14.25], "rotation": 90, "texture": "#0"},
				"west": {"uv": [0.75, 13.53125, 1.25, 14.25], "rotation": 90, "texture": "#0"},
				"up": {"uv": [0.75, 13.53125, 1.25, 14.25], "rotation": 90, "texture": "#0"},
				"down": {"uv": [0.75, 13.53125, 1.25, 14.25], "rotation": 90, "texture": "#0"}
			}
		},
		{
			"from": [10.64, 6.385, -2.035],
			"to": [12.785, 10.675, -1.375],
			"rotation": {"angle": 0, "axis": "y", "origin": [17.405, 11.665, 3.245]},
			"faces": {
				"north": {"uv": [6.53125, 11.8125, 6.96875, 12.25], "texture": "#0"},
				"east": {"uv": [6.53125, 11.8125, 6.96875, 12.25], "texture": "#0"},
				"south": {"uv": [6.53125, 11.8125, 6.96875, 12.25], "texture": "#0"},
				"west": {"uv": [6.53125, 11.8125, 6.96875, 12.25], "texture": "#0"},
				"up": {"uv": [6.53125, 11.8125, 6.96875, 12.25], "texture": "#0"},
				"down": {"uv": [6.53125, 11.8125, 6.96875, 12.25], "texture": "#0"}
			}
		},
		{
			"from": [4.205, 13.975, -4.345],
			"to": [11.795, 16.12, -3.685],
			"rotation": {"angle": 0, "axis": "y", "origin": [12.785, 17.275, 0.935]},
			"faces": {
				"north": {"uv": [5.78125, 13.28125, 6.21875, 13.71875], "texture": "#0"},
				"east": {"uv": [5.78125, 13.28125, 6.21875, 13.71875], "texture": "#0"},
				"south": {"uv": [5.78125, 13.28125, 6.21875, 13.71875], "texture": "#0"},
				"west": {"uv": [5.78125, 13.28125, 6.21875, 13.71875], "texture": "#0"},
				"up": {"uv": [5.78125, 13.28125, 6.21875, 13.71875], "texture": "#0"},
				"down": {"uv": [5.78125, 13.28125, 6.21875, 13.71875], "texture": "#0"}
			}
		},
		{
			"from": [3.38, 10.015, -4.345],
			"to": [3.875, 12.985, -3.685],
			"rotation": {"angle": 0, "axis": "y", "origin": [10.145, 17.275, 0.935]},
			"faces": {
				"north": {"uv": [6.53125, 12.53125, 6.96875, 12.96875], "texture": "#0"},
				"east": {"uv": [6.53125, 12.53125, 6.96875, 12.96875], "texture": "#0"},
				"south": {"uv": [6.53125, 12.53125, 6.96875, 12.96875], "texture": "#0"},
				"west": {"uv": [6.53125, 12.53125, 6.96875, 12.96875], "texture": "#0"},
				"up": {"uv": [6.53125, 12.53125, 6.96875, 12.96875], "texture": "#0"},
				"down": {"uv": [6.53125, 12.53125, 6.96875, 12.96875], "texture": "#0"}
			}
		},
		{
			"from": [5.03, 10.015, -3.85],
			"to": [5.195, 10.345, -3.685],
			"rotation": {"angle": 0, "axis": "y", "origin": [11.63, 17.275, 0.935]},
			"faces": {
				"north": {"uv": [6.53125, 12.5625, 6.96875, 13], "texture": "#0"},
				"east": {"uv": [6.53125, 12.5625, 6.96875, 13], "texture": "#0"},
				"south": {"uv": [6.53125, 12.5625, 6.96875, 13], "texture": "#0"},
				"west": {"uv": [6.53125, 12.5625, 6.96875, 13], "texture": "#0"},
				"up": {"uv": [6.53125, 12.5625, 6.96875, 13], "texture": "#0"},
				"down": {"uv": [6.53125, 12.5625, 6.96875, 13], "texture": "#0"}
			}
		},
		{
			"from": [4.535, 10.345, -3.85],
			"to": [5.69, 10.411, -3.685],
			"rotation": {"angle": 0, "axis": "y", "origin": [11.63, 17.605, 0.935]},
			"faces": {
				"north": {"uv": [5.78125, 13.28125, 6.21875, 13.71875], "texture": "#0"},
				"east": {"uv": [5.78125, 13.28125, 6.21875, 13.71875], "texture": "#0"},
				"south": {"uv": [5.78125, 13.28125, 6.21875, 13.71875], "texture": "#0"},
				"west": {"uv": [5.78125, 13.28125, 6.21875, 13.71875], "texture": "#0"},
				"up": {"uv": [5.78125, 13.28125, 6.21875, 13.71875], "texture": "#0"},
				"down": {"uv": [5.78125, 13.28125, 6.21875, 13.71875], "texture": "#0"}
			}
		},
		{
			"from": [4.205, 10.18, -4.18],
			"to": [9.32, 10.741, -4.015],
			"rotation": {"angle": 0, "axis": "y", "origin": [12.95, 17.605, 0.605]},
			"faces": {
				"north": {"uv": [5.75, 12.53125, 6.1875, 12.96875], "texture": "#0"},
				"east": {"uv": [5.75, 12.53125, 6.1875, 12.96875], "texture": "#0"},
				"south": {"uv": [5.75, 12.53125, 6.1875, 12.96875], "texture": "#0"},
				"west": {"uv": [5.75, 12.53125, 6.1875, 12.96875], "texture": "#0"},
				"up": {"uv": [5.75, 12.53125, 6.1875, 12.96875], "texture": "#0"},
				"down": {"uv": [5.75, 12.53125, 6.1875, 12.96875], "texture": "#0"}
			}
		},
		{
			"name": "roof",
			"from": [6.02, 16.45, 7.205],
			"to": [9.98, 17.275, 11.825],
			"rotation": {"angle": 0, "axis": "y", "origin": [8, 21.73, 13.805]},
			"faces": {
				"north": {"uv": [6.5, 12.5, 7, 13], "texture": "#0"},
				"east": {"uv": [6.5, 14.75, 7.5, 15.21875], "texture": "#0"},
				"south": {"uv": [6.5, 12.5, 7, 13], "texture": "#0"},
				"west": {"uv": [6.5, 14.75, 7.5, 15.21875], "texture": "#0"},
				"up": {"uv": [6.5, 14, 7.5, 14.5], "rotation": 270, "texture": "#0"},
				"down": {"uv": [6.5, 12.5, 7, 13], "texture": "#0"}
			}
		},
		{
			"name": "roof",
			"from": [6.02, 16.45, 13.145],
			"to": [9.98, 17.275, 17.765],
			"rotation": {"angle": 0, "axis": "y", "origin": [8, 21.73, 19.745]},
			"faces": {
				"north": {"uv": [6.5, 12.5, 7, 13], "texture": "#0"},
				"east": {"uv": [6.5, 14.75, 7.5, 15.21875], "texture": "#0"},
				"south": {"uv": [6.5, 12.5, 7, 13], "texture": "#0"},
				"west": {"uv": [6.5, 14.75, 7.5, 15.21875], "texture": "#0"},
				"up": {"uv": [6.5, 14, 7.5, 14.5], "rotation": 90, "texture": "#0"},
				"down": {"uv": [6.5, 12.5, 7, 13], "texture": "#0"}
			}
		},
		{
			"name": "roof",
			"from": [6.02, 16.45, 19.085],
			"to": [9.98, 17.275, 23.705],
			"rotation": {"angle": 0, "axis": "y", "origin": [8, 21.73, 25.685]},
			"faces": {
				"north": {"uv": [6.5, 12.5, 7, 13], "texture": "#0"},
				"east": {"uv": [6.5, 14.75, 7.5, 15.21875], "texture": "#0"},
				"south": {"uv": [6.5, 12.5, 7, 13], "texture": "#0"},
				"west": {"uv": [6.5, 14.75, 7.5, 15.21875], "texture": "#0"},
				"up": {"uv": [6.5, 14, 7.5, 14.5], "rotation": 270, "texture": "#0"},
				"down": {"uv": [6.5, 12.5, 7, 13], "texture": "#0"}
			}
		},
		{
			"name": "roof",
			"from": [7.835, 16.45, -2.695],
			"to": [8.165, 16.945, -2.035],
			"rotation": {"angle": 0, "axis": "y", "origin": [8.33, 21.73, 3.905]},
			"faces": {
				"north": {"uv": [5.5, 14.4375, 5.625, 14.5], "texture": "#0"},
				"east": {"uv": [5.5, 14.4375, 5.625, 14.5], "texture": "#0"},
				"south": {"uv": [5.5, 14.4375, 5.625, 14.5], "texture": "#0"},
				"west": {"uv": [5.5, 14.4375, 5.625, 14.5], "texture": "#0"},
				"up": {"uv": [6.5, 12.5, 7, 13], "texture": "#0"},
				"down": {"uv": [6.5, 12.5, 7, 13], "texture": "#0"}
			}
		},
		{
			"name": "floor",
			"from": [3.05, 6.055, -4.50934],
			"to": [12.95, 6.385, 26.34566],
			"rotation": {"angle": 0, "axis": "y", "origin": [13.61, 11.335, 0.77066]},
			"faces": {
				"north": {"uv": [5.78125, 12.53125, 6.21875, 12.96875], "texture": "#0"},
				"east": {"uv": [5.78125, 13.3125, 6.21875, 13.75], "texture": "#0"},
				"south": {"uv": [5.78125, 13.3125, 6.21875, 13.75], "texture": "#0"},
				"west": {"uv": [5.78125, 13.3125, 6.21875, 13.75], "texture": "#0"},
				"up": {"uv": [13.25, 0, 16, 7], "texture": "#0"},
				"down": {"uv": [8.03125, 13.28125, 8.46875, 13.71875], "texture": "#0"}
			}
		},
		{
			"name": "floor",
			"from": [3.38, 5.23, -4.543],
			"to": [12.62, 6.385, -4.543],
			"rotation": {"angle": 0, "axis": "y", "origin": [8, 10.84, 0.605]},
			"faces": {
				"north": {"uv": [0, 11.78125, 5.5, 12.46875], "texture": "#0"},
				"south": {"uv": [5.5, 12, 0, 12.75], "texture": "#0"}
			}
		},
		{
			"name": "floor",
			"from": [8, 5.56, -4.675],
			"to": [8.495, 6.055, -4.51],
			"rotation": {"angle": 0, "axis": "y", "origin": [12.455, 11.005, 0.605]},
			"faces": {
				"north": {"uv": [2.4375, 11.96875, 2.75, 12.28125], "texture": "#0"},
				"east": {"uv": [8.03125, 12.53125, 8.46875, 12.96875], "texture": "#0"},
				"south": {"uv": [8.03125, 12.53125, 8.46875, 12.96875], "texture": "#0"},
				"west": {"uv": [8.03125, 12.53125, 8.46875, 12.96875], "texture": "#0"},
				"up": {"uv": [8.03125, 11.78125, 8.46875, 12.21875], "texture": "#0"},
				"down": {"uv": [8.03125, 13.28125, 8.46875, 13.71875], "texture": "#0"}
			}
		},
		{
			"name": "floor",
			"from": [12.455, 4.9, -3.19],
			"to": [12.785, 6.055, -1.54],
			"rotation": {"angle": 0, "axis": "y", "origin": [17.405, 10.675, 2.585]},
			"faces": {
				"north": {"uv": [6.53125, 12.53125, 6.96875, 12.96875], "texture": "#0"},
				"east": {"uv": [5.75, 14, 6.25, 14.5], "texture": "#0"},
				"south": {"uv": [6.53125, 12.53125, 6.96875, 12.96875], "texture": "#0"},
				"west": {"uv": [5.75, 14, 6.25, 14.5], "texture": "#0"},
				"up": {"uv": [0, 0, 0.03125, 0.03125], "texture": "#missing"},
				"down": {"uv": [6.53125, 12.53125, 6.96875, 12.96875], "texture": "#0"}
			}
		},
		{
			"name": "floor",
			"from": [3.71, 4.405, 23.045],
			"to": [4.04, 6.055, 24.53],
			"rotation": {"angle": 0, "axis": "y", "origin": [-0.91, 10.675, 18.425]},
			"faces": {
				"north": {"uv": [8.03125, 13.28125, 8.46875, 13.71875], "texture": "#0"},
				"east": {"uv": [0.5, 11.96875, 0.75, 12.28125], "texture": "#0"},
				"south": {"uv": [8.03125, 13.28125, 8.46875, 13.71875], "texture": "#0"},
				"west": {"uv": [0.5, 11.96875, 0.75, 12.28125], "texture": "#0"},
				"up": {"uv": [8.03125, 13.28125, 8.46875, 13.71875], "texture": "#0"},
				"down": {"uv": [8.03125, 13.28125, 8.46875, 13.71875], "texture": "#0"}
			}
		},
		{
			"name": "floor",
			"from": [12.455, 5.065, 6.38],
			"to": [12.455, 6.055, 16.115],
			"rotation": {"angle": 0, "axis": "y", "origin": [17.075, 10.675, 12.485]},
			"faces": {
				"east": {"uv": [3, 15, 5.5, 15.25], "texture": "#0"},
				"west": {"uv": [5.5, 15, 3, 15.25], "texture": "#0"}
			}
		},
		{
			"name": "floor",
			"from": [11.3, 4.405, 9.515],
			"to": [12.29, 6.055, 11.165],
			"rotation": {"angle": 0, "axis": "y", "origin": [16.91, 10.675, 12.485]},
			"faces": {
				"north": {"uv": [3, 15.5, 3.5, 16], "texture": "#0"},
				"east": {"uv": [3, 15.5, 3.5, 16], "texture": "#0"},
				"south": {"uv": [3, 15.5, 3.5, 16], "texture": "#0"},
				"west": {"uv": [3, 15.5, 3.5, 16], "texture": "#0"},
				"up": {"uv": [8.03125, 12.53125, 8.46875, 12.96875], "texture": "#0"},
				"down": {"uv": [8.03125, 12.53125, 8.46875, 12.96875], "texture": "#0"}
			}
		},
		{
			"name": "floor",
			"from": [11.3, 4.405, 7.535],
			"to": [12.29, 6.055, 9.185],
			"rotation": {"angle": 0, "axis": "y", "origin": [16.91, 10.675, 10.505]},
			"faces": {
				"north": {"uv": [3, 15.5, 3.5, 16], "texture": "#0"},
				"east": {"uv": [3, 15.5, 3.5, 16], "texture": "#0"},
				"south": {"uv": [3, 15.5, 3.5, 16], "texture": "#0"},
				"west": {"uv": [3, 15.5, 3.5, 16], "texture": "#0"},
				"up": {"uv": [8.03125, 12.53125, 8.46875, 12.96875], "texture": "#0"},
				"down": {"uv": [8.03125, 12.53125, 8.46875, 12.96875], "texture": "#0"}
			}
		},
		{
			"name": "floor",
			"from": [11.3, 4.405, 11.495],
			"to": [12.29, 6.055, 13.145],
			"rotation": {"angle": 0, "axis": "y", "origin": [16.91, 10.675, 14.465]},
			"faces": {
				"north": {"uv": [3, 15.5, 3.5, 16], "texture": "#0"},
				"east": {"uv": [3, 15.5, 3.5, 16], "texture": "#0"},
				"south": {"uv": [3, 15.5, 3.5, 16], "texture": "#0"},
				"west": {"uv": [3, 15.5, 3.5, 16], "texture": "#0"},
				"up": {"uv": [8.03125, 12.53125, 8.46875, 12.96875], "texture": "#0"},
				"down": {"uv": [8.03125, 12.53125, 8.46875, 12.96875], "texture": "#0"}
			}
		},
		{
			"name": "floor",
			"from": [11.3, 4.405, 13.409],
			"to": [12.29, 6.055, 15.059],
			"rotation": {"angle": 0, "axis": "y", "origin": [16.91, 10.675, 16.445]},
			"faces": {
				"north": {"uv": [3, 15.5, 3.5, 16], "texture": "#0"},
				"east": {"uv": [3, 15.5, 3.5, 16], "texture": "#0"},
				"south": {"uv": [3, 15.5, 3.5, 16], "texture": "#0"},
				"west": {"uv": [3, 15.5, 3.5, 16], "texture": "#0"},
				"up": {"uv": [8.03125, 12.53125, 8.46875, 12.96875], "texture": "#0"},
				"down": {"uv": [8.03125, 12.53125, 8.46875, 12.96875], "texture": "#0"}
			}
		},
		{
			"name": "floor",
			"from": [8.825, 3.91, 6.149],
			"to": [11.135, 6.055, 16.379],
			"rotation": {"angle": 0, "axis": "y", "origin": [15.755, 10.675, 17.765]},
			"faces": {
				"north": {"uv": [6.75, 15.5, 7, 16], "texture": "#0"},
				"east": {"uv": [3.78125, 15.5, 4.75, 16], "texture": "#0"},
				"south": {"uv": [6.75, 15.5, 7, 16], "texture": "#0"},
				"west": {"uv": [3.78125, 15.5, 4.75, 16], "texture": "#0"},
				"up": {"uv": [8.03125, 12.53125, 8.46875, 12.96875], "texture": "#0"},
				"down": {"uv": [8.03125, 12.53125, 8.46875, 12.96875], "texture": "#0"}
			}
		},
		{
			"name": "floor",
			"from": [6.845, 5.23, 24.639],
			"to": [9.155, 6.055, 27.279],
			"rotation": {"angle": 0, "axis": "y", "origin": [13.775, 10.675, 28.995]},
			"faces": {
				"north": {"uv": [8.03125, 12.53125, 8.46875, 12.96875], "texture": "#0"},
				"east": {"uv": [8.03125, 12.53125, 8.46875, 12.96875], "texture": "#0"},
				"south": {"uv": [8.03125, 12.53125, 8.46875, 12.96875], "texture": "#0"},
				"west": {"uv": [8.03125, 12.53125, 8.46875, 12.96875], "texture": "#0"},
				"up": {"uv": [8.03125, 12.53125, 8.46875, 12.96875], "texture": "#0"},
				"down": {"uv": [8.03125, 12.53125, 8.46875, 12.96875], "texture": "#0"}
			}
		},
		{
			"name": "floor",
			"from": [6.185, 5.56, 25.629],
			"to": [7.835, 6.055, 27.345],
			"rotation": {"angle": 0, "axis": "y", "origin": [13.775, 10.675, 28.665]},
			"faces": {
				"north": {"uv": [8.03125, 11.78125, 8.46875, 12.21875], "texture": "#0"},
				"east": {"uv": [8.03125, 11.78125, 8.46875, 12.21875], "texture": "#0"},
				"south": {"uv": [8.03125, 11.78125, 8.46875, 12.21875], "texture": "#0"},
				"west": {"uv": [8.03125, 11.78125, 8.46875, 12.21875], "texture": "#0"},
				"up": {"uv": [8.03125, 11.78125, 8.46875, 12.21875], "texture": "#0"},
				"down": {"uv": [8.03125, 11.78125, 8.46875, 12.21875], "texture": "#0"}
			}
		},
		{
			"name": "floor",
			"from": [7.67, 5.56, 25.959],
			"to": [8.33, 6.055, 27.675],
			"rotation": {"angle": 0, "axis": "y", "origin": [15.095, 10.675, 28.995]},
			"faces": {
				"north": {"uv": [8.03125, 13.28125, 8.46875, 13.71875], "texture": "#0"},
				"east": {"uv": [8.03125, 13.28125, 8.46875, 13.71875], "texture": "#0"},
				"south": {"uv": [2.4375, 11.96875, 2.75, 12.28125], "texture": "#0"},
				"west": {"uv": [8.03125, 13.28125, 8.46875, 13.71875], "texture": "#0"},
				"up": {"uv": [8.03125, 13.28125, 8.46875, 13.71875], "texture": "#0"},
				"down": {"uv": [8.03125, 13.28125, 8.46875, 13.71875], "texture": "#0"}
			}
		},
		{
			"name": "floor",
			"from": [3.545, 3.91, 12.089],
			"to": [5.855, 6.055, 15.719],
			"rotation": {"angle": 0, "axis": "y", "origin": [9.155, 10.675, 23.705]},
			"faces": {
				"north": {"uv": [6.75, 15.5, 7, 16], "texture": "#0"},
				"east": {"uv": [5, 15.5, 5.75, 16], "texture": "#0"},
				"south": {"uv": [6.75, 15.5, 7, 16], "texture": "#0"},
				"west": {"uv": [6, 15.5, 6.5, 16], "texture": "#0"},
				"up": {"uv": [8.03125, 12.53125, 8.46875, 12.96875], "texture": "#0"},
				"down": {"uv": [8.03125, 12.53125, 8.46875, 12.96875], "texture": "#0"}
			}
		},
		{
			"name": "floor",
			"from": [3.545, 3.91, -3.091],
			"to": [5.195, 6.055, -2.101],
			"rotation": {"angle": 0, "axis": "y", "origin": [9.155, 10.675, 7.865]},
			"faces": {
				"north": {"uv": [8.25, 15.5, 8.75, 16], "texture": "#0"},
				"east": {"uv": [8.25, 15.5, 8.75, 16], "texture": "#0"},
				"south": {"uv": [8.25, 15.5, 8.75, 16], "texture": "#0"},
				"west": {"uv": [8.25, 15.5, 8.75, 16], "texture": "#0"},
				"up": {"uv": [8.03125, 12.53125, 8.46875, 12.96875], "texture": "#0"},
				"down": {"uv": [8.03125, 13.28125, 8.46875, 13.71875], "texture": "#0"}
			}
		},
		{
			"name": "floor",
			"from": [3.05, 6.055, -4.50934],
			"to": [12.95, 10.345, -4.50934],
			"rotation": {"angle": 0, "axis": "y", "origin": [13.61, 13.15, 6.44666]},
			"faces": {
				"north": {"uv": [5.78125, 12.53125, 6.21875, 12.96875], "texture": "#0"},
				"east": {"uv": [5.78125, 12.53125, 6.21875, 12.96875], "texture": "#0"},
				"south": {"uv": [5.71875, 13.34375, 6.15625, 13.78125], "texture": "#0"},
				"west": {"uv": [5.78125, 12.53125, 6.21875, 12.96875], "texture": "#0"},
				"up": {"uv": [5.78125, 12.53125, 6.21875, 12.96875], "texture": "#0"},
				"down": {"uv": [5.78125, 12.53125, 6.21875, 12.96875], "texture": "#0"}
			}
		},
		{
			"name": "floor",
			"from": [3.215, 5.725, -4.213],
			"to": [12.785, 5.89, -3.058],
			"rotation": {"angle": 22.5, "axis": "x", "origin": [13.61, 8.53, 6.94166]},
			"faces": {
				"north": {"uv": [5.78125, 13.28125, 6.21875, 13.71875], "texture": "#0"},
				"east": {"uv": [5.78125, 13.28125, 6.21875, 13.71875], "texture": "#0"},
				"south": {"uv": [5.78125, 13.28125, 6.21875, 13.71875], "texture": "#0"},
				"west": {"uv": [5.78125, 13.28125, 6.21875, 13.71875], "texture": "#0"},
				"up": {"uv": [5.78125, 13.28125, 6.21875, 13.71875], "texture": "#0"},
				"down": {"uv": [5.78125, 13.28125, 6.21875, 13.71875], "texture": "#0"}
			}
		},
		{
			"name": "floor",
			"from": [10.805, 3.91, 24.629],
			"to": [12.455, 6.055, 25.619],
			"rotation": {"angle": 0, "axis": "y", "origin": [16.415, 10.675, 35.585]},
			"faces": {
				"north": {"uv": [8.25, 15.5, 8.75, 16], "texture": "#0"},
				"east": {"uv": [8.25, 15.5, 8.75, 16], "texture": "#0"},
				"south": {"uv": [8.25, 15.5, 8.75, 16], "texture": "#0"},
				"west": {"uv": [8.25, 15.5, 8.75, 16], "texture": "#0"},
				"up": {"uv": [8.03125, 12.53125, 8.46875, 12.96875], "texture": "#0"},
				"down": {"uv": [8.03125, 13.28125, 8.46875, 13.71875], "texture": "#0"}
			}
		},
		{
			"name": "floor",
			"from": [3.545, 3.91, 6.149],
			"to": [5.855, 6.055, 11.759],
			"rotation": {"angle": 0, "axis": "y", "origin": [9.155, 10.675, 17.765]},
			"faces": {
				"north": {"uv": [6.75, 15.5, 7, 16], "texture": "#0"},
				"east": {"uv": [5, 15.5, 5.75, 16], "texture": "#0"},
				"south": {"uv": [6.75, 15.5, 7, 16], "texture": "#0"},
				"west": {"uv": [5, 15.5, 5.75, 16], "texture": "#0"},
				"up": {"uv": [8.03125, 12.53125, 8.46875, 12.96875], "texture": "#0"},
				"down": {"uv": [8.03125, 12.53125, 8.46875, 12.96875], "texture": "#0"}
			}
		},
		{
			"name": "floor",
			"from": [3.545, 4.57, -3.421],
			"to": [4.535, 6.055, -3.091],
			"rotation": {"angle": 0, "axis": "y", "origin": [5.195, 10.675, 6.215]},
			"faces": {
				"north": {"uv": [6.75, 15.5, 7, 15.96875], "texture": "#0"},
				"east": {"uv": [6.75, 15.5, 7, 15.96875], "texture": "#0"},
				"south": {"uv": [5.78125, 14.78125, 6.21875, 15.25], "texture": "#0"},
				"west": {"uv": [5.78125, 14.78125, 6.21875, 15.25], "texture": "#0"},
				"up": {"uv": [8.03125, 12.53125, 8.46875, 12.96875], "texture": "#0"},
				"down": {"uv": [8.03125, 12.53125, 8.46875, 12.96875], "texture": "#0"}
			}
		},
		{
			"name": "floor",
			"from": [7.01, 5.6425, -4.4275],
			"to": [8.99, 6.3025, -4.0975],
			"rotation": {"angle": 0, "axis": "y", "origin": [14.27, 10.345, 0.935]},
			"faces": {
				"north": {"uv": [8.03125, 12.53125, 8.46875, 12.96875], "texture": "#0"},
				"east": {"uv": [8.03125, 12.53125, 8.46875, 12.96875], "texture": "#0"},
				"south": {"uv": [8.03125, 12.53125, 8.46875, 12.96875], "texture": "#0"},
				"west": {"uv": [8.03125, 12.53125, 8.46875, 12.96875], "texture": "#0"},
				"up": {"uv": [8.03125, 12.53125, 8.46875, 12.96875], "texture": "#0"},
				"down": {"uv": [8.03125, 12.53125, 8.46875, 12.96875], "texture": "#0"}
			}
		},
		{
			"name": "floor",
			"from": [11.465, 4.8175, -3.6025],
			"to": [11.63, 6.1375, -3.2725],
			"rotation": {"angle": 0, "axis": "y", "origin": [13.775, 9.685, 1.76]},
			"faces": {
				"north": {"uv": [8.03125, 13.28125, 8.46875, 13.71875], "texture": "#0"},
				"east": {"uv": [8.03125, 13.28125, 8.46875, 13.71875], "texture": "#0"},
				"south": {"uv": [8.03125, 13.28125, 8.46875, 13.71875], "texture": "#0"},
				"west": {"uv": [8.03125, 13.28125, 8.46875, 13.71875], "texture": "#0"},
				"up": {"uv": [8.03125, 13.28125, 8.46875, 13.71875], "texture": "#0"},
				"down": {"uv": [8.03125, 13.28125, 8.46875, 13.71875], "texture": "#0"}
			}
		},
		{
			"name": "floor",
			"from": [4.535, 4.8175, -3.6025],
			"to": [11.795, 4.9825, -3.2725],
			"rotation": {"angle": 0, "axis": "y", "origin": [13.94, 9.685, 1.76]},
			"faces": {
				"north": {"uv": [5.8125, 14.78125, 6.1875, 15.21875], "texture": "#0"},
				"east": {"uv": [5.8125, 14.78125, 6.1875, 15.21875], "texture": "#0"},
				"south": {"uv": [5.8125, 14.78125, 6.1875, 15.21875], "texture": "#0"},
				"west": {"uv": [5.8125, 14.78125, 6.1875, 15.21875], "texture": "#0"},
				"up": {"uv": [5.8125, 14.78125, 6.1875, 15.21875], "texture": "#0"},
				"down": {"uv": [5.8125, 14.78125, 6.1875, 15.21875], "texture": "#0"}
			}
		}
	],
	"display": {
		"thirdperson_righthand": {
			"rotation": [14.25, 0, -14],
			"translation": [0, 1.75, 0],
			"scale": [0.36367, 0.35391, 0.4]
		},
		"thirdperson_lefthand": {
			"scale": [4, 4, 4]
		},
		"firstperson_righthand": {
			"rotation": [14.25, 0, -14],
			"scale": [0.36367, 0.35391, 0.20742]
		},
		"firstperson_lefthand": {
			"rotation": [14.25, 0, -14],
			"scale": [0.36367, 0.35391, 0.20742]
		},
		"ground": {
			"rotation": [14.25, 0, -14],
			"translation": [0, 1.75, 0],
			"scale": [0.36367, 0.35391, 0.4]
		},
		"gui": {
			"rotation": [-7, 176, -10],
			"translation": [0, -1.5, 0],
			"scale": [0.56289, 0.55508, 0.49]
		},
		"head": {
			"translation": [0, 10, 0],
			"scale": [0.5, 0.5, 0.5]
		},
		"fixed": {
			"rotation": [14.25, 0, -14],
			"translation": [0, -2, 0],
			"scale": [0.66836, 0.6957, 0.51523]
		}
	},
	"groups": [
		{
			"name": "walls",
			"origin": [7.75, 8.75, 7.751],
			"color": 0,
			"children": [0, 1, 2, 3, 4, 5, 6, 7, 8, 9, 10, 11, 12, 13, 14, 15, 16, 17, 18, 19, 20, 21]
		},
		{
			"name": "others",
			"origin": [16.5, 8, -7.749],
			"color": 0,
			"children": [22, 23, 24, 25, 26, 27, 28, 29, 30, 31, 32, 33, 34, 35, 36, 37, 38, 39, 40, 41, 42, 43, 44, 45, 46, 47, 48, 49, 50, 51, 52, 53, 54, 55, 56, 57, 58, 59, 60, 61, 62]
		},
		{
			"name": "roofs",
			"origin": [8, 8, 8],
			"color": 0,
			"children": [63, 64, 65, 66]
		},
		{
			"name": "floors",
			"origin": [8, 8, 8],
			"color": 0,
			"children": [67, 68, 69, 70, 71, 72, 73, 74, 75, 76, 77, 78, 79, 80, 81, 82, 83, 84, 85, 86, 87, 88, 89, 90]
		}
	]
}