{
	"credit": "Made with Blockbench",
	"texture_size": [512, 512],
	"textures": {
		"0": "items/piposen_0801/142c",
		"particle": "items/piposen_0801/142c"
	},
	"elements": [
		{
			"name": "wall",
			"from": [12.95, 6.385, -4.51],
			"to": [12.95, 15.295, 26.34566],
			"rotation": {"angle": 0, "axis": "y", "origin": [8.33, 11.665, 11.00066]},
			"faces": {
				"north": {"uv": [7.75, 11.75, 7.25, 12.25], "texture": "#0"},
				"east": {"uv": [16, 13.96875, 9, 16], "texture": "#0"},
				"south": {"uv": [7, 12.5, 6.5, 13], "texture": "#0"},
				"west": {"uv": [9, 13.96875, 16, 16], "texture": "#0"},
				"up": {"uv": [7.75, 11.75, 7.25, 12.25], "texture": "#0"},
				"down": {"uv": [6.25, 13.25, 5.75, 13.75], "texture": "#0"}
			}
		},
		{
			"name": "wall",
			"from": [12.85, 6.385, -4.51],
			"to": [12.85, 15.295, 26.34566],
			"rotation": {"angle": 0, "axis": "y", "origin": [8.33, 11.665, 11.00066]},
			"faces": {
				"north": {"uv": [7.75, 11.75, 7.25, 12.25], "texture": "#0"},
				"east": {"uv": [16, 13.96875, 9, 16], "texture": "#0"},
				"south": {"uv": [7, 12.5, 6.5, 13], "texture": "#0"},
				"west": {"uv": [16, 11.71875, 9, 13.75], "texture": "#0"},
				"up": {"uv": [7.75, 11.75, 7.25, 12.25], "texture": "#0"},
				"down": {"uv": [6.25, 13.25, 5.75, 13.75], "texture": "#0"}
			}
		},
		{
			"name": "wall",
			"from": [3.05, 6.385, -4.51],
			"to": [3.05, 15.295, 26.34566],
			"rotation": {"angle": 0, "axis": "y", "origin": [7.67, 11.665, 11.00066]},
			"faces": {
				"north": {"uv": [7.25, 11.75, 7.75, 12.25], "texture": "#0"},
				"east": {"uv": [16, 13.96875, 9, 16], "texture": "#0"},
				"south": {"uv": [6.5, 12.5, 7, 13], "texture": "#0"},
				"west": {"uv": [9, 13.96875, 16, 16], "texture": "#0"},
				"up": {"uv": [7.25, 11.75, 7.75, 12.25], "texture": "#0"},
				"down": {"uv": [5.75, 13.25, 6.25, 13.75], "texture": "#0"}
			}
		},
		{
			"name": "wall",
			"from": [3.15, 6.385, -4.51],
			"to": [3.15, 15.295, 26.34566],
			"rotation": {"angle": 0, "axis": "y", "origin": [7.67, 11.665, 11.00066]},
			"faces": {
				"north": {"uv": [7.25, 11.75, 7.75, 12.25], "texture": "#0"},
				"east": {"uv": [9, 11.71875, 16, 13.75], "texture": "#0"},
				"south": {"uv": [6.5, 12.5, 7, 13], "texture": "#0"},
				"west": {"uv": [9, 13.96875, 16, 16], "texture": "#0"},
				"up": {"uv": [7.25, 11.75, 7.75, 12.25], "texture": "#0"},
				"down": {"uv": [5.75, 13.25, 6.25, 13.75], "texture": "#0"}
			}
		},
		{
			"name": "wall",
			"from": [3.281, 15.295, -4.50934],
			"to": [3.512, 15.526, 26.34566],
			"rotation": {"angle": 0, "axis": "y", "origin": [8.33, 20.575, 0.77066]},
			"faces": {
				"north": {"uv": [7.25, 11.75, 7.75, 12.25], "texture": "#0"},
				"east": {"uv": [7.25, 13.25, 7.75, 13.75], "texture": "#0"},
				"south": {"uv": [7.25, 11.75, 7.75, 12.25], "texture": "#0"},
				"west": {"uv": [7.75, 11.75, 7.25, 12.25], "texture": "#0"},
				"up": {"uv": [7.75, 11.75, 7.25, 12.25], "texture": "#0"},
				"down": {"uv": [7.25, 13.25, 7.75, 13.75], "texture": "#0"}
			}
		},
		{
			"name": "wall",
			"from": [12.488, 15.295, -4.50934],
			"to": [12.719, 15.526, 26.34566],
			"rotation": {"angle": 0, "axis": "y", "origin": [7.67, 20.575, 0.77066]},
			"faces": {
				"north": {"uv": [7.75, 11.75, 7.25, 12.25], "texture": "#0"},
				"east": {"uv": [7.75, 11.75, 7.25, 12.25], "texture": "#0"},
				"south": {"uv": [7.75, 11.75, 7.25, 12.25], "texture": "#0"},
				"west": {"uv": [7.75, 13.25, 7.25, 13.75], "texture": "#0"},
				"up": {"uv": [7.75, 11.75, 7.25, 12.25], "texture": "#0"},
				"down": {"uv": [7.75, 13.25, 7.25, 13.75], "texture": "#0"}
			}
		},
		{
			"name": "wall",
			"from": [3.941, 15.757, -4.50934],
			"to": [4.172, 15.988, 26.34566],
			"rotation": {"angle": 0, "axis": "y", "origin": [8.99, 21.07, 0.77066]},
			"faces": {
				"north": {"uv": [7.25, 11.75, 7.75, 12.25], "texture": "#0"},
				"east": {"uv": [7.25, 13.25, 7.75, 13.75], "texture": "#0"},
				"south": {"uv": [7.25, 11.75, 7.75, 12.25], "texture": "#0"},
				"west": {"uv": [7.75, 11.75, 7.25, 12.25], "texture": "#0"},
				"up": {"uv": [7.75, 11.75, 7.25, 12.25], "texture": "#0"},
				"down": {"uv": [7.25, 13.25, 7.75, 13.75], "texture": "#0"}
			}
		},
		{
			"name": "wall",
			"from": [11.828, 15.757, -4.50934],
			"to": [12.059, 15.988, 26.34566],
			"rotation": {"angle": 0, "axis": "y", "origin": [7.01, 21.07, 0.77066]},
			"faces": {
				"north": {"uv": [7.75, 11.75, 7.25, 12.25], "texture": "#0"},
				"east": {"uv": [7.75, 11.75, 7.25, 12.25], "texture": "#0"},
				"south": {"uv": [7.75, 11.75, 7.25, 12.25], "texture": "#0"},
				"west": {"uv": [7.75, 13.25, 7.25, 13.75], "texture": "#0"},
				"up": {"uv": [7.75, 11.75, 7.25, 12.25], "texture": "#0"},
				"down": {"uv": [7.75, 13.25, 7.25, 13.75], "texture": "#0"}
			}
		},
		{
			"name": "wall",
			"from": [3.512, 15.526, -4.50934],
			"to": [3.941, 15.757, 26.34566],
			"rotation": {"angle": 0, "axis": "y", "origin": [8.495, 20.905, 0.77066]},
			"faces": {
				"north": {"uv": [7.25, 11.75, 7.75, 12.25], "texture": "#0"},
				"east": {"uv": [7.25, 13.25, 7.75, 13.75], "texture": "#0"},
				"south": {"uv": [7.25, 11.75, 7.75, 12.25], "texture": "#0"},
				"west": {"uv": [7.75, 11.75, 7.25, 12.25], "texture": "#0"},
				"up": {"uv": [7.75, 11.75, 7.25, 12.25], "texture": "#0"},
				"down": {"uv": [7.25, 13.25, 7.75, 13.75], "texture": "#0"}
			}
		},
		{
			"name": "wall",
			"from": [12.059, 15.526, -4.50934],
			"to": [12.488, 15.757, 26.34566],
			"rotation": {"angle": 0, "axis": "y", "origin": [7.505, 20.905, 0.77066]},
			"faces": {
				"north": {"uv": [7.75, 11.75, 7.25, 12.25], "texture": "#0"},
				"east": {"uv": [7.75, 11.75, 7.25, 12.25], "texture": "#0"},
				"south": {"uv": [7.75, 11.75, 7.25, 12.25], "texture": "#0"},
				"west": {"uv": [7.75, 13.25, 7.25, 13.75], "texture": "#0"},
				"up": {"uv": [7.75, 11.75, 7.25, 12.25], "texture": "#0"},
				"down": {"uv": [7.75, 13.25, 7.25, 13.75], "texture": "#0"}
			}
		},
		{
			"name": "wall",
			"from": [4.172, 15.988, -4.50934],
			"to": [4.766, 16.219, 26.34566],
			"rotation": {"angle": 0, "axis": "y", "origin": [9.155, 21.4, 0.77066]},
			"faces": {
				"north": {"uv": [7.25, 11.75, 7.75, 12.25], "texture": "#0"},
				"east": {"uv": [7.25, 13.25, 7.75, 13.75], "texture": "#0"},
				"south": {"uv": [7.25, 11.75, 7.75, 12.25], "texture": "#0"},
				"west": {"uv": [5.75, 13.25, 6.25, 13.75], "texture": "#0"},
				"up": {"uv": [5.75, 13.25, 6.25, 13.75], "texture": "#0"},
				"down": {"uv": [7.25, 13.25, 7.75, 13.75], "texture": "#0"}
			}
		},
		{
			"name": "wall",
			"from": [11.234, 15.988, -4.50934],
			"to": [11.828, 16.219, 26.34566],
			"rotation": {"angle": 0, "axis": "y", "origin": [6.845, 21.4, 0.77066]},
			"faces": {
				"north": {"uv": [7.75, 11.75, 7.25, 12.25], "texture": "#0"},
				"east": {"uv": [6.25, 13.25, 5.75, 13.75], "texture": "#0"},
				"south": {"uv": [7.75, 11.75, 7.25, 12.25], "texture": "#0"},
				"west": {"uv": [7.75, 13.25, 7.25, 13.75], "texture": "#0"},
				"up": {"uv": [6.25, 13.25, 5.75, 13.75], "texture": "#0"},
				"down": {"uv": [7.75, 13.25, 7.25, 13.75], "texture": "#0"}
			}
		},
		{
			"name": "wall",
			"from": [4.634, 16.186, -4.50934],
			"to": [11.366, 16.417, 26.34566],
			"rotation": {"angle": 0, "axis": "y", "origin": [9.485, 21.895, 0.77066]},
			"faces": {
				"north": {"uv": [5.75, 13.25, 6.25, 13.75], "texture": "#0"},
				"east": {"uv": [5.75, 13.25, 6.25, 13.75], "texture": "#0"},
				"south": {"uv": [5.75, 13.25, 6.25, 13.75], "texture": "#0"},
				"west": {"uv": [5.75, 13.25, 6.25, 13.75], "texture": "#0"},
				"up": {"uv": [5.75, 13.25, 6.25, 13.75], "texture": "#0"},
				"down": {"uv": [5.75, 13.25, 6.25, 13.75], "texture": "#0"}
			}
		},
		{
			"name": "wall",
			"from": [3.0698, 15.064, -4.50934],
			"to": [3.3008, 15.295, 26.34566],
			"rotation": {"angle": 0, "axis": "y", "origin": [8.165, 20.41, 0.77066]},
			"faces": {
				"north": {"uv": [7.25, 11.75, 7.75, 12.25], "texture": "#0"},
				"east": {"uv": [7.25, 13.25, 7.75, 13.75], "texture": "#0"},
				"south": {"uv": [7.25, 11.75, 7.75, 12.25], "texture": "#0"},
				"west": {"uv": [7.25, 11.75, 7.75, 12.25], "texture": "#0"},
				"up": {"uv": [7.25, 11.75, 7.75, 12.25], "texture": "#0"},
				"down": {"uv": [7.25, 13.25, 7.75, 13.75], "texture": "#0"}
			}
		},
		{
			"name": "wall",
			"from": [12.7025, 15.064, -4.50934],
			"to": [12.9335, 15.295, 26.34566],
			"rotation": {"angle": 0, "axis": "y", "origin": [7.835, 20.41, 0.77066]},
			"faces": {
				"north": {"uv": [7.75, 11.75, 7.25, 12.25], "texture": "#0"},
				"east": {"uv": [7.75, 11.75, 7.25, 12.25], "texture": "#0"},
				"south": {"uv": [7.75, 11.75, 7.25, 12.25], "texture": "#0"},
				"west": {"uv": [7.75, 13.25, 7.25, 13.75], "texture": "#0"},
				"up": {"uv": [7.75, 11.75, 7.25, 12.25], "texture": "#0"},
				"down": {"uv": [7.75, 13.25, 7.25, 13.75], "texture": "#0"}
			}
		},
		{
			"name": "face",
			"from": [3.05, 6.055, 26.3516],
			"to": [12.95, 16.45, 26.3516],
			"rotation": {"angle": 0, "axis": "y", "origin": [8, 6.055, 25.685]},
			"faces": {
				"north": {"uv": [0, 0, 5.5, 5.75], "texture": "#0"},
				"south": {"uv": [5.75, 0, 11.25, 5.75], "texture": "#0"}
			}
		},
		{
			"name": "face",
			"from": [3.05, 6.055, -4.5166],
			"to": [12.95, 16.45, -4.5166],
			"rotation": {"angle": 0, "axis": "y", "origin": [8, 6.055, -3.85]},
			"faces": {
				"north": {"uv": [11.25, 0, 5.75, 5.75], "texture": "#0"},
				"south": {"uv": [5.5, 0, 0, 5.75], "texture": "#0"}
			}
		},
		{
			"name": "pool",
			"from": [5.525, 13.315, -1.375],
			"to": [5.525, 15.295, 25.685],
			"rotation": {"angle": 0, "axis": "y", "origin": [10.805, 19.915, 11.165]},
			"faces": {
				"east": {"uv": [12.5, 0, 13, 7], "rotation": 270, "texture": "#0"},
				"west": {"uv": [12.5, 0, 13, 7], "rotation": 270, "texture": "#0"}
			}
		},
		{
			"name": "pool",
			"from": [5.855, 13.315, 18.095],
			"to": [10.145, 15.295, 18.095],
			"rotation": {"angle": 0, "axis": "y", "origin": [15.095, 19.915, 12.815]},
			"faces": {
				"north": {"uv": [12.5, 5.25, 13, 7], "rotation": 270, "texture": "#0"},
				"south": {"uv": [12.5, 5.25, 13, 7], "rotation": 270, "texture": "#0"}
			}
		},
		{
			"name": "pool",
			"from": [5.855, 13.315, 3.575],
			"to": [10.145, 15.295, 3.575],
			"rotation": {"angle": 0, "axis": "y", "origin": [15.095, 19.915, -1.705]},
			"faces": {
				"north": {"uv": [12.5, 5.25, 13, 7], "rotation": 270, "texture": "#0"},
				"south": {"uv": [12.5, 5.25, 13, 7], "rotation": 270, "texture": "#0"}
			}
		},
		{
			"name": "pool",
			"from": [10.475, 13.315, -1.375],
			"to": [10.475, 15.295, 25.685],
			"rotation": {"angle": 0, "axis": "y", "origin": [5.195, 19.915, 11.165]},
			"faces": {
				"east": {"uv": [12.5, 7, 13, 0], "rotation": 270, "texture": "#0"},
				"west": {"uv": [12.5, 7, 13, 0], "rotation": 270, "texture": "#0"}
			}
		},
		{
			"name": "pool",
			"from": [5.36, 15.13, -1.21],
			"to": [5.69, 15.46, 26.345],
			"rotation": {"angle": 0, "axis": "y", "origin": [10.97, 19.915, 11.165]},
			"faces": {
				"north": {"uv": [7.28125, 13.28125, 7.71875, 13.71875], "texture": "#0"},
				"east": {"uv": [5.75, 13.25, 6.25, 13.75], "texture": "#0"},
				"south": {"uv": [5.75, 13.25, 6.25, 13.75], "texture": "#0"},
				"west": {"uv": [5.75, 13.25, 6.25, 13.75], "texture": "#0"},
				"up": {"uv": [5.75, 13.25, 6.25, 13.75], "texture": "#0"},
				"down": {"uv": [5.75, 13.25, 6.25, 13.75], "texture": "#0"}
			}
		},
		{
			"name": "pool",
			"from": [5.525, 15.13, 18.095],
			"to": [10.31, 15.46, 18.425],
			"rotation": {"angle": 0, "axis": "y", "origin": [14.6, 19.915, 12.815]},
			"faces": {
				"north": {"uv": [5.75, 13.25, 6.25, 13.75], "rotation": 270, "texture": "#0"},
				"east": {"uv": [5.75, 13.25, 6.25, 13.75], "rotation": 270, "texture": "#0"},
				"south": {"uv": [5.75, 13.25, 6.25, 13.75], "rotation": 270, "texture": "#0"},
				"west": {"uv": [5.75, 13.25, 6.25, 13.75], "rotation": 270, "texture": "#0"},
				"up": {"uv": [5.75, 13.25, 6.25, 13.75], "rotation": 270, "texture": "#0"},
				"down": {"uv": [5.75, 13.25, 6.25, 13.75], "rotation": 270, "texture": "#0"}
			}
		},
		{
			"name": "pool",
			"from": [5.525, 15.13, 3.575],
			"to": [10.31, 15.46, 3.905],
			"rotation": {"angle": 0, "axis": "y", "origin": [14.6, 19.915, -1.705]},
			"faces": {
				"north": {"uv": [5.75, 13.25, 6.25, 13.75], "rotation": 270, "texture": "#0"},
				"east": {"uv": [5.75, 13.25, 6.25, 13.75], "rotation": 270, "texture": "#0"},
				"south": {"uv": [5.75, 13.25, 6.25, 13.75], "rotation": 270, "texture": "#0"},
				"west": {"uv": [5.75, 13.25, 6.25, 13.75], "rotation": 270, "texture": "#0"},
				"up": {"uv": [5.75, 13.25, 6.25, 13.75], "rotation": 270, "texture": "#0"},
				"down": {"uv": [5.75, 13.25, 6.25, 13.75], "rotation": 270, "texture": "#0"}
			}
		},
		{
			"name": "pool",
			"from": [10.31, 15.13, -1.21],
			"to": [10.64, 15.46, 26.345],
			"rotation": {"angle": 0, "axis": "y", "origin": [5.03, 19.915, 11.165]},
			"faces": {
				"north": {"uv": [7.71875, 13.28125, 7.28125, 13.71875], "texture": "#0"},
				"east": {"uv": [6.25, 13.25, 5.75, 13.75], "texture": "#0"},
				"south": {"uv": [6.25, 13.25, 5.75, 13.75], "texture": "#0"},
				"west": {"uv": [6.25, 13.25, 5.75, 13.75], "texture": "#0"},
				"up": {"uv": [6.25, 13.25, 5.75, 13.75], "texture": "#0"},
				"down": {"uv": [6.25, 13.25, 5.75, 13.75], "texture": "#0"}
			}
		},
		{
			"name": "chair",
			"from": [3.38, 7.87, 5.72],
			"to": [5.855, 8.2, 16.115],
			"rotation": {"angle": 0, "axis": "y", "origin": [8.66, 13.15, 11.165]},
			"faces": {
				"north": {"uv": [11.5, 0, 12, 4.5], "texture": "#0"},
				"east": {"uv": [11.5, 0, 12, 9], "rotation": 90, "texture": "#0"},
				"south": {"uv": [11.5, 0, 12, 4.5], "texture": "#0"},
				"west": {"uv": [11.5, 0, 12, 4.5], "texture": "#0"},
				"up": {"uv": [11.5, 0, 12, 9], "texture": "#0"},
				"down": {"uv": [11.5, 0, 12, 9], "texture": "#0"}
			}
		},
		{
			"name": "chair",
			"from": [10.145, 7.87, 5.72],
			"to": [12.62, 8.2, 16.115],
			"rotation": {"angle": 0, "axis": "y", "origin": [7.34, 13.15, 11.165]},
			"faces": {
				"north": {"uv": [12, 0, 11.5, 4.5], "texture": "#0"},
				"east": {"uv": [12, 0, 11.5, 4.5], "texture": "#0"},
				"south": {"uv": [12, 0, 11.5, 4.5], "texture": "#0"},
				"west": {"uv": [11.5, 9, 12, 0], "rotation": 90, "texture": "#0"},
				"up": {"uv": [12, 0, 11.5, 9], "texture": "#0"},
				"down": {"uv": [12, 0, 11.5, 9], "texture": "#0"}
			}
		},
		{
			"name": "chair",
			"from": [3.38, 6.55, 5.7134],
			"to": [6.02, 11.17, 5.7134],
			"rotation": {"angle": 0, "axis": "y", "origin": [8.66, 11.83, 1.595]},
			"faces": {
				"north": {"uv": [14.5, 8, 12.53125, 9.5], "texture": "#0"},
				"south": {"uv": [12.53125, 8, 14.5, 9.5], "texture": "#0"}
			}
		},
		{
			"name": "chair",
			"from": [9.98, 6.55, 5.7134],
			"to": [12.62, 11.17, 5.7134],
			"rotation": {"angle": 0, "axis": "y", "origin": [7.34, 11.83, 1.595]},
			"faces": {
				"north": {"uv": [12.53125, 8, 14.5, 9.5], "texture": "#0"},
				"south": {"uv": [14.5, 8, 12.53125, 9.5], "texture": "#0"}
			}
		},
		{
			"name": "chair",
			"from": [3.38, 6.55, 16.181],
			"to": [6.02, 11.17, 16.181],
			"rotation": {"angle": 0, "axis": "y", "origin": [8.66, 11.83, 11.99]},
			"faces": {
				"north": {"uv": [14.5, 8, 12.53125, 9.5], "texture": "#0"},
				"south": {"uv": [12.53125, 8, 14.5, 9.5], "texture": "#0"}
			}
		},
		{
			"name": "chair",
			"from": [9.98, 6.55, 16.181],
			"to": [12.62, 11.17, 16.181],
			"rotation": {"angle": 0, "axis": "y", "origin": [7.34, 11.83, 11.99]},
			"faces": {
				"north": {"uv": [12.53125, 8, 14.5, 9.5], "texture": "#0"},
				"south": {"uv": [14.5, 8, 12.53125, 9.5], "texture": "#0"}
			}
		},
		{
			"name": "chair",
			"from": [3.38, 6.55, 6.215],
			"to": [5.36, 7.87, 15.62],
			"rotation": {"angle": 0, "axis": "y", "origin": [8.66, 11.83, 11.165]},
			"faces": {
				"north": {"uv": [5.78125, 13.3125, 6.21875, 13.75], "texture": "#0"},
				"east": {"uv": [12, 0, 12.28125, 9], "rotation": 90, "texture": "#0"},
				"south": {"uv": [5.78125, 13.3125, 6.21875, 13.75], "texture": "#0"},
				"west": {"uv": [5.78125, 13.3125, 6.21875, 13.75], "texture": "#0"},
				"up": {"uv": [11.5, 0, 12, 9], "texture": "#0"},
				"down": {"uv": [12, 0, 12.28125, 9], "rotation": 90, "texture": "#0"}
			}
		},
		{
			"name": "chair",
			"from": [10.64, 6.55, 6.215],
			"to": [12.62, 7.87, 15.62],
			"rotation": {"angle": 0, "axis": "y", "origin": [7.34, 11.83, 11.165]},
			"faces": {
				"north": {"uv": [6.21875, 13.3125, 5.78125, 13.75], "texture": "#0"},
				"east": {"uv": [6.21875, 13.3125, 5.78125, 13.75], "texture": "#0"},
				"south": {"uv": [6.21875, 13.3125, 5.78125, 13.75], "texture": "#0"},
				"west": {"uv": [12, 9, 12.28125, 0], "rotation": 90, "texture": "#0"},
				"up": {"uv": [12, 0, 11.5, 9], "texture": "#0"},
				"down": {"uv": [12, 9, 12.28125, 0], "rotation": 90, "texture": "#0"}
			}
		},
		{
			"name": "chair",
			"from": [3.38, 7.87, 5.72],
			"to": [3.71, 10.18, 16.115],
			"rotation": {"angle": 0, "axis": "y", "origin": [8.66, 13.15, 11.165]},
			"faces": {
				"north": {"uv": [11.5, 0, 12, 1.5], "rotation": 90, "texture": "#0"},
				"east": {"uv": [11.5, 0, 12, 9], "rotation": 90, "texture": "#0"},
				"south": {"uv": [11.5, 0, 12, 1.5], "rotation": 90, "texture": "#0"},
				"west": {"uv": [11.5, 0, 12, 9], "rotation": 90, "texture": "#0"},
				"up": {"uv": [11.5, 0, 12, 9], "texture": "#0"},
				"down": {"uv": [11.5, 0, 12, 9], "rotation": 90, "texture": "#0"}
			}
		},
		{
			"name": "chair",
			"from": [12.29, 7.87, 5.72],
			"to": [12.62, 10.18, 16.115],
			"rotation": {"angle": 0, "axis": "y", "origin": [7.34, 13.15, 11.165]},
			"faces": {
				"north": {"uv": [11.5, 1.5, 12, 0], "rotation": 90, "texture": "#0"},
				"east": {"uv": [11.5, 9, 12, 0], "rotation": 90, "texture": "#0"},
				"south": {"uv": [11.5, 1.5, 12, 0], "rotation": 90, "texture": "#0"},
				"west": {"uv": [11.5, 9, 12, 0], "rotation": 90, "texture": "#0"},
				"up": {"uv": [12, 0, 11.5, 9], "texture": "#0"},
				"down": {"uv": [11.5, 9, 12, 0], "rotation": 90, "texture": "#0"}
			}
		},
		{
			"from": [6.515, 6.055, 26.345],
			"to": [9.485, 6.22, 27.675],
			"rotation": {"angle": 0, "axis": "y", "origin": [11.96, 11.17, 21.23]},
			"faces": {
				"north": {"uv": [0.75, 13.53125, 1.25, 14.25], "rotation": 90, "texture": "#0"},
				"east": {"uv": [0.75, 13.53125, 1.25, 14.25], "rotation": 90, "texture": "#0"},
				"south": {"uv": [5.78125, 13.3125, 6.21875, 13.75], "texture": "#0"},
				"west": {"uv": [0.75, 13.53125, 1.25, 14.25], "rotation": 90, "texture": "#0"},
				"up": {"uv": [5.78125, 13.3125, 6.21875, 13.75], "texture": "#0"},
				"down": {"uv": [5.78125, 13.3125, 6.21875, 13.75], "texture": "#0"}
			}
		},
		{
			"from": [6.515, 6.055, -5.84],
			"to": [9.485, 6.22, -4.51],
			"rotation": {"angle": 0, "axis": "y", "origin": [11.96, 11.17, 1.1]},
			"faces": {
				"north": {"uv": [6.21875, 13.3125, 5.78125, 13.75], "texture": "#0"},
				"east": {"uv": [0.75, 14.25, 1.25, 13.53125], "rotation": 90, "texture": "#0"},
				"south": {"uv": [0.75, 14.25, 1.25, 13.53125], "rotation": 90, "texture": "#0"},
				"west": {"uv": [0.75, 14.25, 1.25, 13.53125], "rotation": 90, "texture": "#0"},
				"up": {"uv": [5.78125, 13.75, 6.21875, 13.3125], "texture": "#0"},
				"down": {"uv": [5.78125, 13.75, 6.21875, 13.3125], "texture": "#0"}
			}
		},
		{
			"from": [6.515, 14.305, 26.345],
			"to": [9.485, 14.47, 27.675],
			"rotation": {"angle": 0, "axis": "y", "origin": [11.96, 19.42, 21.23]},
			"faces": {
				"north": {"uv": [6.21875, 13.28125, 5.78125, 13.71875], "texture": "#0"},
				"east": {"uv": [6.21875, 13.28125, 5.78125, 13.71875], "texture": "#0"},
				"south": {"uv": [0.75, 13.53125, 1.25, 14.25], "rotation": 90, "texture": "#0"},
				"west": {"uv": [6.21875, 13.28125, 5.78125, 13.71875], "texture": "#0"},
				"up": {"uv": [6.21875, 13.28125, 5.78125, 13.71875], "texture": "#0"},
				"down": {"uv": [6.21875, 13.28125, 5.78125, 13.71875], "texture": "#0"}
			}
		},
		{
			"from": [6.515, 14.305, -5.84],
			"to": [9.485, 14.47, -4.51],
			"rotation": {"angle": 0, "axis": "y", "origin": [11.96, 19.42, 1.1]},
			"faces": {
				"north": {"uv": [0.75, 14.25, 1.25, 13.53125], "rotation": 90, "texture": "#0"},
				"east": {"uv": [5.78125, 13.28125, 6.21875, 13.71875], "texture": "#0"},
				"south": {"uv": [5.78125, 13.28125, 6.21875, 13.71875], "texture": "#0"},
				"west": {"uv": [5.78125, 13.28125, 6.21875, 13.71875], "texture": "#0"},
				"up": {"uv": [6.21875, 13.71875, 5.78125, 13.28125], "texture": "#0"},
				"down": {"uv": [6.21875, 13.71875, 5.78125, 13.28125], "texture": "#0"}
			}
		},
		{
			"from": [9.485, 6.22, 26.345],
			"to": [9.65, 14.305, 27.675],
			"rotation": {"angle": 0, "axis": "y", "origin": [11.63, 11.335, 21.23]},
			"faces": {
				"north": {"uv": [0.75, 13.53125, 1.25, 14.25], "rotation": 90, "texture": "#0"},
				"east": {"uv": [0.75, 13.53125, 1.25, 14.25], "rotation": 90, "texture": "#0"},
				"south": {"uv": [0.75, 13.53125, 1.25, 14.25], "rotation": 90, "texture": "#0"},
				"west": {"uv": [0.75, 13.53125, 1.25, 14.25], "rotation": 90, "texture": "#0"},
				"up": {"uv": [0.75, 13.53125, 1.25, 14.25], "rotation": 90, "texture": "#0"},
				"down": {"uv": [0.75, 13.53125, 1.25, 14.25], "rotation": 90, "texture": "#0"}
			}
		},
		{
			"from": [9.485, 6.22, -5.84],
			"to": [9.65, 14.305, -4.51],
			"rotation": {"angle": 0, "axis": "y", "origin": [11.63, 11.335, 1.1]},
			"faces": {
				"north": {"uv": [0.75, 14.25, 1.25, 13.53125], "rotation": 90, "texture": "#0"},
				"east": {"uv": [0.75, 14.25, 1.25, 13.53125], "rotation": 90, "texture": "#0"},
				"south": {"uv": [0.75, 14.25, 1.25, 13.53125], "rotation": 90, "texture": "#0"},
				"west": {"uv": [0.75, 14.25, 1.25, 13.53125], "rotation": 90, "texture": "#0"},
				"up": {"uv": [1.25, 13.53125, 0.75, 14.25], "rotation": 90, "texture": "#0"},
				"down": {"uv": [1.25, 13.53125, 0.75, 14.25], "rotation": 90, "texture": "#0"}
			}
		},
		{
			"from": [6.35, 6.22, 26.345],
			"to": [6.515, 14.305, 27.675],
			"rotation": {"angle": 0, "axis": "y", "origin": [4.37, 11.335, 21.23]},
			"faces": {
				"north": {"uv": [0.75, 13.53125, 1.25, 14.25], "rotation": 90, "texture": "#0"},
				"east": {"uv": [0.75, 13.53125, 1.25, 14.25], "rotation": 90, "texture": "#0"},
				"south": {"uv": [0.75, 13.53125, 1.25, 14.25], "rotation": 90, "texture": "#0"},
				"west": {"uv": [0.75, 13.53125, 1.25, 14.25], "rotation": 90, "texture": "#0"},
				"up": {"uv": [0.75, 13.53125, 1.25, 14.25], "rotation": 90, "texture": "#0"},
				"down": {"uv": [0.75, 13.53125, 1.25, 14.25], "rotation": 90, "texture": "#0"}
			}
		},
		{
			"from": [6.35, 6.22, -5.84],
			"to": [6.515, 14.305, -4.51],
			"rotation": {"angle": 0, "axis": "y", "origin": [4.37, 11.335, 1.1]},
			"faces": {
				"north": {"uv": [0.75, 14.25, 1.25, 13.53125], "rotation": 90, "texture": "#0"},
				"east": {"uv": [0.75, 14.25, 1.25, 13.53125], "rotation": 90, "texture": "#0"},
				"south": {"uv": [0.75, 14.25, 1.25, 13.53125], "rotation": 90, "texture": "#0"},
				"west": {"uv": [0.75, 14.25, 1.25, 13.53125], "rotation": 90, "texture": "#0"},
				"up": {"uv": [1.25, 13.53125, 0.75, 14.25], "rotation": 90, "texture": "#0"},
				"down": {"uv": [1.25, 13.53125, 0.75, 14.25], "rotation": 90, "texture": "#0"}
			}
		},
		{
			"name": "chair",
			"from": [8.79933, 6.55, 19.81603],
			"to": [8.79933, 11.17, 22.45603],
			"rotation": {"angle": 0, "axis": "y", "origin": [6.94188, 8.2825, 20.74415]},
			"faces": {
				"north": {"uv": [0, 0, 0, 0], "texture": "#0"},
				"east": {"uv": [14.5, 8, 12.53125, 9.5], "texture": "#0"},
				"south": {"uv": [0, 0, 0, 0], "texture": "#0"},
				"west": {"uv": [12.53125, 8, 14.5, 9.5], "texture": "#0"},
				"up": {"uv": [0, 0, 0, 0], "rotation": 270, "texture": "#0"},
				"down": {"uv": [0, 0, 0, 0], "rotation": 90, "texture": "#0"}
			}
		},
		{
			"name": "chair",
			"from": [8.79933, 6.55, -4.43397],
			"to": [8.79933, 11.17, -1.79397],
			"rotation": {"angle": 0, "axis": "y", "origin": [6.94188, 8.2825, -3.50585]},
			"faces": {
				"north": {"uv": [0, 0, 0, 0], "texture": "#0"},
				"east": {"uv": [14.5, 8, 12.53125, 9.5], "texture": "#0"},
				"south": {"uv": [0, 0, 0, 0], "texture": "#0"},
				"west": {"uv": [12.53125, 8, 14.5, 9.5], "texture": "#0"},
				"up": {"uv": [0, 0, 0, 0], "rotation": 270, "texture": "#0"},
				"down": {"uv": [0, 0, 0, 0], "rotation": 90, "texture": "#0"}
			}
		},
		{
			"name": "chair",
			"from": [8.85273, 7.87, 19.81603],
			"to": [12.79272, 8.2, 22.29103],
			"rotation": {"angle": 0, "axis": "y", "origin": [10.94188, 8.2825, 20.74415]},
			"faces": {
				"north": {"uv": [11.5, 0, 12, 3], "rotation": 90, "texture": "#0"},
				"east": {"uv": [11.5, 1.5, 12, 0], "rotation": 90, "texture": "#0"},
				"south": {"uv": [11.5, 0, 12, 3], "rotation": 90, "texture": "#0"},
				"west": {"uv": [11.5, 1.5, 12, 0], "rotation": 90, "texture": "#0"},
				"up": {"uv": [12, 3, 11.5, 0], "rotation": 270, "texture": "#0"},
				"down": {"uv": [12, 4.5, 11.5, 0], "rotation": 90, "texture": "#0"}
			}
		},
		{
			"name": "chair",
			"from": [8.85273, 7.87, -4.43397],
			"to": [12.79272, 8.2, -1.95897],
			"rotation": {"angle": 0, "axis": "y", "origin": [10.94188, 8.2825, -3.50585]},
			"faces": {
				"north": {"uv": [11.5, 0, 12, 3], "rotation": 90, "texture": "#0"},
				"east": {"uv": [11.5, 1.5, 12, 0], "rotation": 90, "texture": "#0"},
				"south": {"uv": [11.5, 0, 12, 3], "rotation": 90, "texture": "#0"},
				"west": {"uv": [11.5, 1.5, 12, 0], "rotation": 90, "texture": "#0"},
				"up": {"uv": [12, 3, 11.5, 0], "rotation": 270, "texture": "#0"},
				"down": {"uv": [12, 4.5, 11.5, 0], "rotation": 90, "texture": "#0"}
			}
		},
		{
			"name": "chair",
			"from": [9.34772, 6.55, 19.81603],
			"to": [12.29773, 7.87, 21.79603],
			"rotation": {"angle": 0, "axis": "y", "origin": [10.94188, 8.2825, 20.74415]},
			"faces": {
				"north": {"uv": [5.78125, 13.3125, 6.21875, 13.75], "texture": "#0"},
				"east": {"uv": [5.78125, 13.3125, 6.21875, 13.75], "texture": "#0"},
				"south": {"uv": [12, 0, 12.28125, 9], "rotation": 90, "texture": "#0"},
				"west": {"uv": [5.78125, 13.3125, 6.21875, 13.75], "texture": "#0"},
				"up": {"uv": [12, 4.5, 11.5, 0], "rotation": 270, "texture": "#0"},
				"down": {"uv": [12.28125, 9, 12, 0], "rotation": 180, "texture": "#0"}
			}
		},
		{
			"name": "chair",
			"from": [9.34772, 6.55, -4.43397],
			"to": [12.29773, 7.87, -2.45397],
			"rotation": {"angle": 0, "axis": "y", "origin": [10.94188, 8.2825, -3.50585]},
			"faces": {
				"north": {"uv": [5.78125, 13.3125, 6.21875, 13.75], "texture": "#0"},
				"east": {"uv": [5.78125, 13.3125, 6.21875, 13.75], "texture": "#0"},
				"south": {"uv": [12, 0, 12.28125, 9], "rotation": 90, "texture": "#0"},
				"west": {"uv": [5.78125, 13.3125, 6.21875, 13.75], "texture": "#0"},
				"up": {"uv": [12, 4.5, 11.5, 0], "rotation": 270, "texture": "#0"},
				"down": {"uv": [12.28125, 9, 12, 0], "rotation": 180, "texture": "#0"}
			}
		},
		{
			"name": "chair",
			"from": [8.85273, 7.87, 19.81603],
			"to": [12.79272, 10.18, 20.14603],
			"rotation": {"angle": 0, "axis": "y", "origin": [10.94188, 8.2825, 20.74415]},
			"faces": {
				"north": {"uv": [11.5, 0, 12, 3], "rotation": 90, "texture": "#0"},
				"east": {"uv": [11.5, 0, 12, 1.5], "rotation": 90, "texture": "#0"},
				"south": {"uv": [11.5, 0, 12, 3], "rotation": 90, "texture": "#0"},
				"west": {"uv": [11.5, 0, 12, 1.5], "rotation": 90, "texture": "#0"},
				"up": {"uv": [12, 3, 11.5, 0], "rotation": 270, "texture": "#0"},
				"down": {"uv": [12, 9, 11.5, 0], "rotation": 180, "texture": "#0"}
			}
		},
		{
			"name": "chair",
			"from": [8.85273, 7.87, -4.43397],
			"to": [12.79272, 10.18, -4.10397],
			"rotation": {"angle": 0, "axis": "y", "origin": [10.94188, 8.2825, -3.50585]},
			"faces": {
				"north": {"uv": [11.5, 0, 12, 3], "rotation": 90, "texture": "#0"},
				"east": {"uv": [11.5, 0, 12, 1.5], "rotation": 90, "texture": "#0"},
				"south": {"uv": [11.5, 0, 12, 3], "rotation": 90, "texture": "#0"},
				"west": {"uv": [11.5, 0, 12, 1.5], "rotation": 90, "texture": "#0"},
				"up": {"uv": [12, 3, 11.5, 0], "rotation": 270, "texture": "#0"},
				"down": {"uv": [12, 9, 11.5, 0], "rotation": 180, "texture": "#0"}
			}
		},
		{
			"name": "chair",
			"from": [9.34772, 6.55, 24.20398],
			"to": [12.29773, 7.87, 26.18397],
			"rotation": {"angle": 0, "axis": "y", "origin": [10.94188, 8.2825, 25.25585]},
			"faces": {
				"north": {"uv": [12, 9, 12.28125, 0], "rotation": 90, "texture": "#0"},
				"east": {"uv": [6.21875, 13.3125, 5.78125, 13.75], "texture": "#0"},
				"south": {"uv": [6.21875, 13.3125, 5.78125, 13.75], "texture": "#0"},
				"west": {"uv": [6.21875, 13.3125, 5.78125, 13.75], "texture": "#0"},
				"up": {"uv": [11.5, 4.5, 12, 0], "rotation": 270, "texture": "#0"},
				"down": {"uv": [12.28125, 0, 12, 9], "rotation": 180, "texture": "#0"}
			}
		},
		{
			"name": "chair",
			"from": [9.34772, 6.55, -0.04603],
			"to": [12.29773, 7.87, 1.93397],
			"rotation": {"angle": 0, "axis": "y", "origin": [10.94188, 8.2825, 1.00585]},
			"faces": {
				"north": {"uv": [12, 9, 12.28125, 0], "rotation": 90, "texture": "#0"},
				"east": {"uv": [6.21875, 13.3125, 5.78125, 13.75], "texture": "#0"},
				"south": {"uv": [6.21875, 13.3125, 5.78125, 13.75], "texture": "#0"},
				"west": {"uv": [6.21875, 13.3125, 5.78125, 13.75], "texture": "#0"},
				"up": {"uv": [11.5, 4.5, 12, 0], "rotation": 270, "texture": "#0"},
				"down": {"uv": [12.28125, 0, 12, 9], "rotation": 180, "texture": "#0"}
			}
		},
		{
			"name": "chair",
			"from": [8.85273, 7.87, 23.70898],
			"to": [12.79272, 8.2, 26.18397],
			"rotation": {"angle": 0, "axis": "y", "origin": [10.94188, 8.2825, 25.25585]},
			"faces": {
				"north": {"uv": [11.5, 3, 12, 0], "rotation": 90, "texture": "#0"},
				"east": {"uv": [11.5, 0, 12, 1.5], "rotation": 90, "texture": "#0"},
				"south": {"uv": [11.5, 3, 12, 0], "rotation": 90, "texture": "#0"},
				"west": {"uv": [11.5, 0, 12, 1.5], "rotation": 90, "texture": "#0"},
				"up": {"uv": [11.5, 3, 12, 0], "rotation": 270, "texture": "#0"},
				"down": {"uv": [11.5, 4.5, 12, 0], "rotation": 90, "texture": "#0"}
			}
		},
		{
			"name": "chair",
			"from": [8.85273, 7.87, -0.54103],
			"to": [12.79272, 8.2, 1.93397],
			"rotation": {"angle": 0, "axis": "y", "origin": [10.94188, 8.2825, 1.00585]},
			"faces": {
				"north": {"uv": [11.5, 3, 12, 0], "rotation": 90, "texture": "#0"},
				"east": {"uv": [11.5, 0, 12, 1.5], "rotation": 90, "texture": "#0"},
				"south": {"uv": [11.5, 3, 12, 0], "rotation": 90, "texture": "#0"},
				"west": {"uv": [11.5, 0, 12, 1.5], "rotation": 90, "texture": "#0"},
				"up": {"uv": [11.5, 3, 12, 0], "rotation": 270, "texture": "#0"},
				"down": {"uv": [11.5, 4.5, 12, 0], "rotation": 90, "texture": "#0"}
			}
		},
		{
			"name": "chair",
			"from": [8.85273, 7.87, 25.85398],
			"to": [12.79272, 10.18, 26.18397],
			"rotation": {"angle": 0, "axis": "y", "origin": [10.94188, 8.2825, 25.25585]},
			"faces": {
				"north": {"uv": [11.5, 0, 12, 3], "rotation": 90, "texture": "#0"},
				"east": {"uv": [11.5, 1.5, 12, 0], "rotation": 90, "texture": "#0"},
				"south": {"uv": [11.5, 3, 12, 0], "rotation": 90, "texture": "#0"},
				"west": {"uv": [11.5, 1.5, 12, 0], "rotation": 90, "texture": "#0"},
				"up": {"uv": [11.5, 3, 12, 0], "rotation": 270, "texture": "#0"},
				"down": {"uv": [12, 0, 11.5, 9], "rotation": 180, "texture": "#0"}
			}
		},
		{
			"name": "chair",
			"from": [8.85273, 7.87, 1.60397],
			"to": [12.79272, 10.18, 1.93397],
			"rotation": {"angle": 0, "axis": "y", "origin": [10.94188, 8.2825, 1.00585]},
			"faces": {
				"north": {"uv": [11.5, 0, 12, 3], "rotation": 90, "texture": "#0"},
				"east": {"uv": [11.5, 1.5, 12, 0], "rotation": 90, "texture": "#0"},
				"south": {"uv": [11.5, 3, 12, 0], "rotation": 90, "texture": "#0"},
				"west": {"uv": [11.5, 1.5, 12, 0], "rotation": 90, "texture": "#0"},
				"up": {"uv": [11.5, 3, 12, 0], "rotation": 270, "texture": "#0"},
				"down": {"uv": [12, 0, 11.5, 9], "rotation": 180, "texture": "#0"}
			}
		},
		{
			"name": "chair",
			"from": [8.79933, 6.55, 23.54398],
			"to": [8.79933, 11.17, 26.18397],
			"rotation": {"angle": 0, "axis": "y", "origin": [6.94188, 8.2825, 25.25585]},
			"faces": {
				"north": {"uv": [0, 0, 0, 0], "texture": "#0"},
				"east": {"uv": [12.53125, 8, 14.5, 9.5], "texture": "#0"},
				"south": {"uv": [0, 0, 0, 0], "texture": "#0"},
				"west": {"uv": [14.5, 8, 12.53125, 9.5], "texture": "#0"},
				"up": {"uv": [0, 0, 0, 0], "rotation": 270, "texture": "#0"},
				"down": {"uv": [0, 0, 0, 0], "rotation": 90, "texture": "#0"}
			}
		},
		{
			"name": "chair",
			"from": [8.79933, 6.55, -0.70603],
			"to": [8.79933, 11.17, 1.93397],
			"rotation": {"angle": 0, "axis": "y", "origin": [6.94188, 8.2825, 1.00585]},
			"faces": {
				"north": {"uv": [0, 0, 0, 0], "texture": "#0"},
				"east": {"uv": [12.53125, 8, 14.5, 9.5], "texture": "#0"},
				"south": {"uv": [0, 0, 0, 0], "texture": "#0"},
				"west": {"uv": [14.5, 8, 12.53125, 9.5], "texture": "#0"},
				"up": {"uv": [0, 0, 0, 0], "rotation": 270, "texture": "#0"},
				"down": {"uv": [0, 0, 0, 0], "rotation": 90, "texture": "#0"}
			}
		},
		{
			"name": "chair",
			"from": [3.70227, 6.55, 19.81603],
			"to": [6.65228, 7.87, 21.79603],
			"rotation": {"angle": 0, "axis": "y", "origin": [5.05812, 8.2825, 20.74415]},
			"faces": {
				"north": {"uv": [6.21875, 13.3125, 5.78125, 13.75], "texture": "#0"},
				"east": {"uv": [6.21875, 13.3125, 5.78125, 13.75], "texture": "#0"},
				"south": {"uv": [12, 9, 12.28125, 0], "rotation": 90, "texture": "#0"},
				"west": {"uv": [6.21875, 13.3125, 5.78125, 13.75], "texture": "#0"},
				"up": {"uv": [12, 0, 11.5, 4.5], "rotation": 270, "texture": "#0"},
				"down": {"uv": [12, 9, 12.28125, 0], "rotation": 180, "texture": "#0"}
			}
		},
		{
			"name": "chair",
			"from": [3.70227, 6.55, -4.43397],
			"to": [6.65228, 7.87, -2.45397],
			"rotation": {"angle": 0, "axis": "y", "origin": [5.05812, 8.2825, -3.50585]},
			"faces": {
				"north": {"uv": [6.21875, 13.3125, 5.78125, 13.75], "texture": "#0"},
				"east": {"uv": [6.21875, 13.3125, 5.78125, 13.75], "texture": "#0"},
				"south": {"uv": [12, 9, 12.28125, 0], "rotation": 90, "texture": "#0"},
				"west": {"uv": [6.21875, 13.3125, 5.78125, 13.75], "texture": "#0"},
				"up": {"uv": [12, 0, 11.5, 4.5], "rotation": 270, "texture": "#0"},
				"down": {"uv": [12, 9, 12.28125, 0], "rotation": 180, "texture": "#0"}
			}
		},
		{
			"name": "chair",
			"from": [3.20728, 7.87, 19.81603],
			"to": [7.14728, 8.2, 22.29103],
			"rotation": {"angle": 0, "axis": "y", "origin": [5.05812, 8.2825, 20.74415]},
			"faces": {
				"north": {"uv": [11.5, 3, 12, 0], "rotation": 90, "texture": "#0"},
				"east": {"uv": [11.5, 0, 12, 1.5], "rotation": 90, "texture": "#0"},
				"south": {"uv": [11.5, 3, 12, 0], "rotation": 90, "texture": "#0"},
				"west": {"uv": [11.5, 0, 12, 1.5], "rotation": 90, "texture": "#0"},
				"up": {"uv": [12, 0, 11.5, 3], "rotation": 270, "texture": "#0"},
				"down": {"uv": [12, 0, 11.5, 4.5], "rotation": 90, "texture": "#0"}
			}
		},
		{
			"name": "chair",
			"from": [3.20728, 7.87, -4.43397],
			"to": [7.14728, 8.2, -1.95897],
			"rotation": {"angle": 0, "axis": "y", "origin": [5.05812, 8.2825, -3.50585]},
			"faces": {
				"north": {"uv": [11.5, 3, 12, 0], "rotation": 90, "texture": "#0"},
				"east": {"uv": [11.5, 0, 12, 1.5], "rotation": 90, "texture": "#0"},
				"south": {"uv": [11.5, 3, 12, 0], "rotation": 90, "texture": "#0"},
				"west": {"uv": [11.5, 0, 12, 1.5], "rotation": 90, "texture": "#0"},
				"up": {"uv": [12, 0, 11.5, 3], "rotation": 270, "texture": "#0"},
				"down": {"uv": [12, 0, 11.5, 4.5], "rotation": 90, "texture": "#0"}
			}
		},
		{
			"name": "chair",
			"from": [3.20728, 7.87, 19.81603],
			"to": [7.14728, 10.18, 20.14603],
			"rotation": {"angle": 0, "axis": "y", "origin": [5.05812, 8.2825, 20.74415]},
			"faces": {
				"north": {"uv": [11.5, 3, 12, 0], "rotation": 90, "texture": "#0"},
				"east": {"uv": [11.5, 1.5, 12, 0], "rotation": 90, "texture": "#0"},
				"south": {"uv": [11.5, 0, 12, 3], "rotation": 90, "texture": "#0"},
				"west": {"uv": [11.5, 1.5, 12, 0], "rotation": 90, "texture": "#0"},
				"up": {"uv": [12, 0, 11.5, 3], "rotation": 270, "texture": "#0"},
				"down": {"uv": [11.5, 9, 12, 0], "rotation": 180, "texture": "#0"}
			}
		},
		{
			"name": "chair",
			"from": [3.20728, 7.87, -4.43397],
			"to": [7.14728, 10.18, -4.10397],
			"rotation": {"angle": 0, "axis": "y", "origin": [5.05812, 8.2825, -3.50585]},
			"faces": {
				"north": {"uv": [11.5, 3, 12, 0], "rotation": 90, "texture": "#0"},
				"east": {"uv": [11.5, 1.5, 12, 0], "rotation": 90, "texture": "#0"},
				"south": {"uv": [11.5, 0, 12, 3], "rotation": 90, "texture": "#0"},
				"west": {"uv": [11.5, 1.5, 12, 0], "rotation": 90, "texture": "#0"},
				"up": {"uv": [12, 0, 11.5, 3], "rotation": 270, "texture": "#0"},
				"down": {"uv": [11.5, 9, 12, 0], "rotation": 180, "texture": "#0"}
			}
		},
		{
			"name": "chair",
			"from": [7.20068, 6.55, 19.81603],
			"to": [7.20068, 11.17, 22.45603],
			"rotation": {"angle": 0, "axis": "y", "origin": [9.05813, 8.2825, 20.74415]},
			"faces": {
				"north": {"uv": [0, 0, 0, 0], "texture": "#0"},
				"east": {"uv": [14.5, 8, 12.53125, 9.5], "texture": "#0"},
				"south": {"uv": [0, 0, 0, 0], "texture": "#0"},
				"west": {"uv": [12.53125, 8, 14.5, 9.5], "texture": "#0"},
				"up": {"uv": [0, 0, 0, 0], "rotation": 270, "texture": "#0"},
				"down": {"uv": [0, 0, 0, 0], "rotation": 90, "texture": "#0"}
			}
		},
		{
			"name": "chair",
			"from": [7.20068, 6.55, -4.43397],
			"to": [7.20068, 11.17, -1.79397],
			"rotation": {"angle": 0, "axis": "y", "origin": [9.05813, 8.2825, -3.50585]},
			"faces": {
				"north": {"uv": [0, 0, 0, 0], "texture": "#0"},
				"east": {"uv": [14.5, 8, 12.53125, 9.5], "texture": "#0"},
				"south": {"uv": [0, 0, 0, 0], "texture": "#0"},
				"west": {"uv": [12.53125, 8, 14.5, 9.5], "texture": "#0"},
				"up": {"uv": [0, 0, 0, 0], "rotation": 270, "texture": "#0"},
				"down": {"uv": [0, 0, 0, 0], "rotation": 90, "texture": "#0"}
			}
		},
		{
			"name": "chair",
			"from": [3.70227, 6.55, 24.20398],
			"to": [6.65228, 7.87, 26.18397],
			"rotation": {"angle": 0, "axis": "y", "origin": [5.05812, 8.2825, 25.25585]},
			"faces": {
				"north": {"uv": [12, 0, 12.28125, 9], "rotation": 90, "texture": "#0"},
				"east": {"uv": [5.78125, 13.3125, 6.21875, 13.75], "texture": "#0"},
				"south": {"uv": [5.78125, 13.3125, 6.21875, 13.75], "texture": "#0"},
				"west": {"uv": [5.78125, 13.3125, 6.21875, 13.75], "texture": "#0"},
				"up": {"uv": [11.5, 0, 12, 4.5], "rotation": 270, "texture": "#0"},
				"down": {"uv": [12, 0, 12.28125, 9], "rotation": 180, "texture": "#0"}
			}
		},
		{
			"name": "chair",
			"from": [3.70227, 6.55, -0.04603],
			"to": [6.65228, 7.87, 1.93397],
			"rotation": {"angle": 0, "axis": "y", "origin": [5.05812, 8.2825, 1.00585]},
			"faces": {
				"north": {"uv": [12, 0, 12.28125, 9], "rotation": 90, "texture": "#0"},
				"east": {"uv": [5.78125, 13.3125, 6.21875, 13.75], "texture": "#0"},
				"south": {"uv": [5.78125, 13.3125, 6.21875, 13.75], "texture": "#0"},
				"west": {"uv": [5.78125, 13.3125, 6.21875, 13.75], "texture": "#0"},
				"up": {"uv": [11.5, 0, 12, 4.5], "rotation": 270, "texture": "#0"},
				"down": {"uv": [12, 0, 12.28125, 9], "rotation": 180, "texture": "#0"}
			}
		},
		{
			"name": "chair",
			"from": [3.20728, 7.87, 23.70898],
			"to": [7.14728, 8.2, 26.18397],
			"rotation": {"angle": 0, "axis": "y", "origin": [5.05812, 8.2825, 25.25585]},
			"faces": {
				"north": {"uv": [11.5, 0, 12, 3], "rotation": 90, "texture": "#0"},
				"east": {"uv": [11.5, 1.5, 12, 0], "rotation": 90, "texture": "#0"},
				"south": {"uv": [11.5, 0, 12, 3], "rotation": 90, "texture": "#0"},
				"west": {"uv": [11.5, 1.5, 12, 0], "rotation": 90, "texture": "#0"},
				"up": {"uv": [11.5, 0, 12, 3], "rotation": 270, "texture": "#0"},
				"down": {"uv": [11.5, 0, 12, 4.5], "rotation": 90, "texture": "#0"}
			}
		},
		{
			"name": "chair",
			"from": [3.20728, 7.87, -0.54103],
			"to": [7.14728, 8.2, 1.93397],
			"rotation": {"angle": 0, "axis": "y", "origin": [5.05812, 8.2825, 1.00585]},
			"faces": {
				"north": {"uv": [11.5, 0, 12, 3], "rotation": 90, "texture": "#0"},
				"east": {"uv": [11.5, 1.5, 12, 0], "rotation": 90, "texture": "#0"},
				"south": {"uv": [11.5, 0, 12, 3], "rotation": 90, "texture": "#0"},
				"west": {"uv": [11.5, 1.5, 12, 0], "rotation": 90, "texture": "#0"},
				"up": {"uv": [11.5, 0, 12, 3], "rotation": 270, "texture": "#0"},
				"down": {"uv": [11.5, 0, 12, 4.5], "rotation": 90, "texture": "#0"}
			}
		},
		{
			"name": "chair",
			"from": [3.20728, 7.87, 25.85398],
			"to": [7.14728, 10.18, 26.18397],
			"rotation": {"angle": 0, "axis": "y", "origin": [5.05812, 8.2825, 25.25585]},
			"faces": {
				"north": {"uv": [11.5, 0, 12, 3], "rotation": 90, "texture": "#0"},
				"east": {"uv": [11.5, 0, 12, 1.5], "rotation": 90, "texture": "#0"},
				"south": {"uv": [11.5, 0, 12, 3], "rotation": 90, "texture": "#0"},
				"west": {"uv": [11.5, 0, 12, 1.5], "rotation": 90, "texture": "#0"},
				"up": {"uv": [11.5, 0, 12, 3], "rotation": 270, "texture": "#0"},
				"down": {"uv": [11.5, 0, 12, 9], "rotation": 180, "texture": "#0"}
			}
		},
		{
			"name": "chair",
			"from": [3.20728, 7.87, 1.60397],
			"to": [7.14728, 10.18, 1.93397],
			"rotation": {"angle": 0, "axis": "y", "origin": [5.05812, 8.2825, 1.00585]},
			"faces": {
				"north": {"uv": [11.5, 0, 12, 3], "rotation": 90, "texture": "#0"},
				"east": {"uv": [11.5, 0, 12, 1.5], "rotation": 90, "texture": "#0"},
				"south": {"uv": [11.5, 0, 12, 3], "rotation": 90, "texture": "#0"},
				"west": {"uv": [11.5, 0, 12, 1.5], "rotation": 90, "texture": "#0"},
				"up": {"uv": [11.5, 0, 12, 3], "rotation": 270, "texture": "#0"},
				"down": {"uv": [11.5, 0, 12, 9], "rotation": 180, "texture": "#0"}
			}
		},
		{
			"name": "chair",
			"from": [7.20068, 6.55, 23.54398],
			"to": [7.20068, 11.17, 26.18397],
			"rotation": {"angle": 0, "axis": "y", "origin": [9.05813, 8.2825, 25.25585]},
			"faces": {
				"north": {"uv": [0, 0, 0, 0], "texture": "#0"},
				"east": {"uv": [12.53125, 8, 14.5, 9.5], "texture": "#0"},
				"south": {"uv": [0, 0, 0, 0], "texture": "#0"},
				"west": {"uv": [14.5, 8, 12.53125, 9.5], "texture": "#0"},
				"up": {"uv": [0, 0, 0, 0], "rotation": 270, "texture": "#0"},
				"down": {"uv": [0, 0, 0, 0], "rotation": 90, "texture": "#0"}
			}
		},
		{
			"name": "chair",
			"from": [7.20068, 6.55, -0.70603],
			"to": [7.20068, 11.17, 1.93397],
			"rotation": {"angle": 0, "axis": "y", "origin": [9.05813, 8.2825, 1.00585]},
			"faces": {
				"north": {"uv": [0, 0, 0, 0], "texture": "#0"},
				"east": {"uv": [12.53125, 8, 14.5, 9.5], "texture": "#0"},
				"south": {"uv": [0, 0, 0, 0], "texture": "#0"},
				"west": {"uv": [14.5, 8, 12.53125, 9.5], "texture": "#0"},
				"up": {"uv": [0, 0, 0, 0], "rotation": 270, "texture": "#0"},
				"down": {"uv": [0, 0, 0, 0], "rotation": 90, "texture": "#0"}
			}
		},
		{
			"name": "roof",
			"from": [6.02, 16.45, -0.55],
			"to": [9.98, 17.275, 4.07],
			"rotation": {"angle": 0, "axis": "y", "origin": [8, 21.73, 6.05]},
			"faces": {
				"north": {"uv": [6.5, 12.5, 7, 13], "texture": "#0"},
				"east": {"uv": [6.5, 14.75, 7.5, 15.21875], "texture": "#0"},
				"south": {"uv": [6.5, 12.5, 7, 13], "texture": "#0"},
				"west": {"uv": [6.5, 14.75, 7.5, 15.21875], "texture": "#0"},
				"up": {"uv": [6.5, 14, 7.5, 14.5], "rotation": 90, "texture": "#0"},
				"down": {"uv": [6.5, 12.5, 7, 13], "texture": "#0"}
			}
		},
		{
			"name": "roof",
			"from": [6.02, 16.45, 5.39],
			"to": [9.98, 17.275, 10.01],
			"rotation": {"angle": 0, "axis": "y", "origin": [8, 21.73, 11.99]},
			"faces": {
				"north": {"uv": [6.5, 12.5, 7, 13], "texture": "#0"},
				"east": {"uv": [6.5, 14.75, 7.5, 15.21875], "texture": "#0"},
				"south": {"uv": [6.5, 12.5, 7, 13], "texture": "#0"},
				"west": {"uv": [6.5, 14.75, 7.5, 15.21875], "texture": "#0"},
				"up": {"uv": [6.5, 14, 7.5, 14.5], "rotation": 270, "texture": "#0"},
				"down": {"uv": [6.5, 12.5, 7, 13], "texture": "#0"}
			}
		},
		{
			"name": "roof",
			"from": [6.02, 16.45, 11.33],
			"to": [9.98, 17.275, 15.95],
			"rotation": {"angle": 0, "axis": "y", "origin": [8, 21.73, 17.93]},
			"faces": {
				"north": {"uv": [6.5, 12.5, 7, 13], "texture": "#0"},
				"east": {"uv": [6.5, 14.75, 7.5, 15.21875], "texture": "#0"},
				"south": {"uv": [6.5, 12.5, 7, 13], "texture": "#0"},
				"west": {"uv": [6.5, 14.75, 7.5, 15.21875], "texture": "#0"},
				"up": {"uv": [6.5, 14, 7.5, 14.5], "rotation": 90, "texture": "#0"},
				"down": {"uv": [6.5, 12.5, 7, 13], "texture": "#0"}
			}
		},
		{
			"name": "roof",
			"from": [6.02, 16.45, 17.27],
			"to": [9.98, 17.275, 21.89],
			"rotation": {"angle": 0, "axis": "y", "origin": [8, 21.73, 23.87]},
			"faces": {
				"north": {"uv": [6.5, 12.5, 7, 13], "texture": "#0"},
				"east": {"uv": [6.5, 14.75, 7.5, 15.21875], "texture": "#0"},
				"south": {"uv": [6.5, 12.5, 7, 13], "texture": "#0"},
				"west": {"uv": [6.5, 14.75, 7.5, 15.21875], "texture": "#0"},
				"up": {"uv": [6.5, 14, 7.5, 14.5], "rotation": 270, "texture": "#0"},
				"down": {"uv": [6.5, 12.5, 7, 13], "texture": "#0"}
			}
		},
		{
			"name": "floor",
			"from": [3.05, 6.055, -4.50934],
			"to": [12.95, 6.385, 26.34566],
			"rotation": {"angle": 0, "axis": "y", "origin": [13.61, 11.335, 0.77066]},
			"faces": {
				"north": {"uv": [5.78125, 12.53125, 6.21875, 12.96875], "texture": "#0"},
				"east": {"uv": [5.78125, 13.3125, 6.21875, 13.75], "texture": "#0"},
				"south": {"uv": [5.78125, 13.3125, 6.21875, 13.75], "texture": "#0"},
				"west": {"uv": [5.78125, 13.3125, 6.21875, 13.75], "texture": "#0"},
				"up": {"uv": [13.25, 0, 16, 7], "texture": "#0"},
				"down": {"uv": [8.03125, 13.28125, 8.46875, 13.71875], "texture": "#0"}
			}
		},
		{
			"name": "floor",
			"from": [3.545, 3.91, 6.809],
			"to": [5.195, 6.055, 10.439],
			"rotation": {"angle": 0, "axis": "y", "origin": [9.155, 10.675, 17.765]},
			"faces": {
				"north": {"uv": [3, 15.53125, 3.5, 16], "texture": "#0"},
				"east": {"uv": [3, 15.53125, 3.5, 16], "texture": "#0"},
				"south": {"uv": [3, 15.53125, 3.5, 16], "texture": "#0"},
				"west": {"uv": [3, 15.53125, 3.5, 16], "texture": "#0"},
				"up": {"uv": [3, 15.53125, 3.5, 16], "texture": "#0"},
				"down": {"uv": [8.03125, 13.28125, 8.46875, 13.71875], "texture": "#0"}
			}
		},
		{
			"name": "floor",
			"from": [10.805, 3.91, 14.069],
			"to": [12.455, 6.055, 15.059],
			"rotation": {"angle": 0, "axis": "y", "origin": [16.415, 10.675, 25.025]},
			"faces": {
				"north": {"uv": [8.25, 15.5, 8.75, 16], "texture": "#0"},
				"east": {"uv": [8.25, 15.5, 8.75, 16], "texture": "#0"},
				"south": {"uv": [8.25, 15.5, 8.75, 16], "texture": "#0"},
				"west": {"uv": [8.25, 15.5, 8.75, 16], "texture": "#0"},
				"up": {"uv": [8.03125, 12.53125, 8.46875, 12.96875], "texture": "#0"},
				"down": {"uv": [8.03125, 13.28125, 8.46875, 13.71875], "texture": "#0"}
			}
		},
		{
			"name": "floor",
			"from": [7.505, 5.065, -5.84],
			"to": [8.495, 6.055, -4.124],
			"rotation": {"angle": 0, "axis": "y", "origin": [14.93, 10.18, -7.16]},
			"faces": {
				"north": {"uv": [2.75, 11.96875, 2.4375, 12.28125], "texture": "#0"},
				"east": {"uv": [8.46875, 13.28125, 8.03125, 13.71875], "texture": "#0"},
				"south": {"uv": [8.46875, 13.28125, 8.03125, 13.71875], "texture": "#0"},
				"west": {"uv": [8.46875, 13.28125, 8.03125, 13.71875], "texture": "#0"},
				"up": {"uv": [8.03125, 13.71875, 8.46875, 13.28125], "texture": "#0"},
				"down": {"uv": [8.03125, 13.71875, 8.46875, 13.28125], "texture": "#0"}
			}
		},
		{
			"name": "floor",
			"from": [7.505, 5.065, 25.959],
			"to": [8.495, 6.055, 27.675],
			"rotation": {"angle": 0, "axis": "y", "origin": [14.93, 10.18, 28.995]},
			"faces": {
				"north": {"uv": [8.03125, 13.28125, 8.46875, 13.71875], "texture": "#0"},
				"east": {"uv": [8.03125, 13.28125, 8.46875, 13.71875], "texture": "#0"},
				"south": {"uv": [2.4375, 11.96875, 2.75, 12.28125], "texture": "#0"},
				"west": {"uv": [8.03125, 13.28125, 8.46875, 13.71875], "texture": "#0"},
				"up": {"uv": [8.03125, 13.28125, 8.46875, 13.71875], "texture": "#0"},
				"down": {"uv": [8.03125, 13.28125, 8.46875, 13.71875], "texture": "#0"}
			}
		},
		{
			"name": "floor",
			"from": [6.185, 5.56, -5.51],
			"to": [7.835, 6.055, -3.794],
			"rotation": {"angle": 0, "axis": "y", "origin": [13.775, 10.675, -6.83]},
			"faces": {
				"north": {"uv": [8.46875, 11.78125, 8.03125, 12.21875], "texture": "#0"},
				"east": {"uv": [8.46875, 11.78125, 8.03125, 12.21875], "texture": "#0"},
				"south": {"uv": [8.46875, 11.78125, 8.03125, 12.21875], "texture": "#0"},
				"west": {"uv": [8.46875, 11.78125, 8.03125, 12.21875], "texture": "#0"},
				"up": {"uv": [8.03125, 12.21875, 8.46875, 11.78125], "texture": "#0"},
				"down": {"uv": [8.03125, 12.21875, 8.46875, 11.78125], "texture": "#0"}
			}
		},
		{
			"name": "floor",
			"from": [6.185, 5.56, 25.629],
			"to": [7.835, 6.055, 27.345],
			"rotation": {"angle": 0, "axis": "y", "origin": [13.775, 10.675, 28.665]},
			"faces": {
				"north": {"uv": [8.03125, 11.78125, 8.46875, 12.21875], "texture": "#0"},
				"east": {"uv": [8.03125, 11.78125, 8.46875, 12.21875], "texture": "#0"},
				"south": {"uv": [8.03125, 11.78125, 8.46875, 12.21875], "texture": "#0"},
				"west": {"uv": [8.03125, 11.78125, 8.46875, 12.21875], "texture": "#0"},
				"up": {"uv": [8.03125, 11.78125, 8.46875, 12.21875], "texture": "#0"},
				"down": {"uv": [8.03125, 11.78125, 8.46875, 12.21875], "texture": "#0"}
			}
		},
		{
			"name": "floor",
			"from": [6.845, 5.23, -5.444],
			"to": [9.155, 6.055, -2.804],
			"rotation": {"angle": 0, "axis": "y", "origin": [13.775, 10.675, -7.16]},
			"faces": {
				"north": {"uv": [8.46875, 12.53125, 8.03125, 12.96875], "texture": "#0"},
				"east": {"uv": [8.46875, 12.53125, 8.03125, 12.96875], "texture": "#0"},
				"south": {"uv": [8.46875, 12.53125, 8.03125, 12.96875], "texture": "#0"},
				"west": {"uv": [8.46875, 12.53125, 8.03125, 12.96875], "texture": "#0"},
				"up": {"uv": [8.03125, 12.96875, 8.46875, 12.53125], "texture": "#0"},
				"down": {"uv": [8.03125, 12.96875, 8.46875, 12.53125], "texture": "#0"}
			}
		},
		{
			"name": "floor",
			"from": [6.845, 5.23, 24.639],
			"to": [9.155, 6.055, 27.279],
			"rotation": {"angle": 0, "axis": "y", "origin": [13.775, 10.675, 28.995]},
			"faces": {
				"north": {"uv": [8.03125, 12.53125, 8.46875, 12.96875], "texture": "#0"},
				"east": {"uv": [8.03125, 12.53125, 8.46875, 12.96875], "texture": "#0"},
				"south": {"uv": [8.03125, 12.53125, 8.46875, 12.96875], "texture": "#0"},
				"west": {"uv": [8.03125, 12.53125, 8.46875, 12.96875], "texture": "#0"},
				"up": {"uv": [8.03125, 12.53125, 8.46875, 12.96875], "texture": "#0"},
				"down": {"uv": [8.03125, 12.53125, 8.46875, 12.96875], "texture": "#0"}
			}
		},
		{
			"name": "floor",
			"from": [3.71, 4.405, 23.045],
			"to": [4.04, 6.055, 24.53],
			"rotation": {"angle": 0, "axis": "y", "origin": [-0.91, 10.675, 18.425]},
			"faces": {
				"north": {"uv": [8.03125, 13.28125, 8.46875, 13.71875], "texture": "#0"},
				"east": {"uv": [0.5, 11.96875, 0.75, 12.28125], "texture": "#0"},
				"south": {"uv": [8.03125, 13.28125, 8.46875, 13.71875], "texture": "#0"},
				"west": {"uv": [0.5, 11.96875, 0.75, 12.28125], "texture": "#0"},
				"up": {"uv": [8.03125, 13.28125, 8.46875, 13.71875], "texture": "#0"},
				"down": {"uv": [8.03125, 13.28125, 8.46875, 13.71875], "texture": "#0"}
			}
		}
	],
	"display": {
		"thirdperson_righthand": {
			"rotation": [14.25, 0, -14],
			"translation": [0, 1.75, 0],
			"scale": [0.36367, 0.35391, 0.4]
		},
		"thirdperson_lefthand": {
			"scale": [4, 4, 4]
		},
		"firstperson_righthand": {
			"rotation": [14.25, 0, -14],
			"scale": [0.36367, 0.35391, 0.20742]
		},
		"firstperson_lefthand": {
			"rotation": [14.25, 0, -14],
			"scale": [0.36367, 0.35391, 0.20742]
		},
		"ground": {
			"rotation": [14.25, 0, -14],
			"translation": [0, 1.75, 0],
			"scale": [0.36367, 0.35391, 0.4]
		},
		"gui": {
			"rotation": [-7, 176, -10],
			"translation": [0, -1.5, 0],
			"scale": [0.56289, 0.55508, 0.49]
		},
		"head": {
			"translation": [0, 10, 0],
			"scale": [0.5, 0.5, 0.5]
		},
		"fixed": {
			"rotation": [14.25, 0, -14],
			"translation": [0, -2, 0],
			"scale": [0.66836, 0.6957, 0.51523]
		}
	},
	"groups": [
		{
			"name": "walls",
			"origin": [7.75, 8.75, 7.751],
			"color": 0,
			"children": [0, 1, 2, 3, 4, 5, 6, 7, 8, 9, 10, 11, 12, 13, 14, 15, 16]
		},
		{
			"name": "others",
			"origin": [16.5, 8, -7.749],
			"color": 0,
			"children": [17, 18, 19, 20, 21, 22, 23, 24, 25, 26, 27, 28, 29, 30, 31, 32, 33, 34, 35, 36, 37, 38, 39, 40, 41, 42, 43, 44, 45, 46, 47, 48, 49, 50, 51, 52, 53, 54, 55, 56, 57, 58, 59, 60, 61, 62, 63, 64, 65, 66, 67, 68, 69, 70, 71, 72, 73, 74]
		},
		{
			"name": "roofs",
			"origin": [8, 8, 8],
			"color": 0,
			"children": [75, 76, 77, 78]
		},
		{
			"name": "floors",
			"origin": [8, 8, 8],
			"color": 0,
			"children": [79, 80, 81, 82, 83, 84, 85, 86, 87, 88]
		}
	]
}