{
	"credit": "made with blockbench",
	"textures": {
		"1": "blocks/activator_rail_on",
		"particle": "blocks/activator_rail_on"
	},
	"elements": [
		{
			"from": [-3, 0.25, 0],
			"to": [-1, 1.5, 16],
			"rotation": {"angle": 0, "axis": "y", "origin": [5, 8.5, 8]},
			"faces": {
				"north": {"uv": [12, 15, 14, 16], "texture": "#1"},
				"east": {"uv": [3, 0, 4, 16], "rotation": 90, "texture": "#1"},
				"south": {"uv": [12, 15, 14, 16], "rotation": 180, "texture": "#1"},
				"west": {"uv": [2, 0, 3, 16], "rotation": 90, "texture": "#1"},
				"up": {"uv": [12, 0, 14, 16], "rotation": 180, "texture": "#1"},
				"down": {"uv": [12, 0, 14, 16], "rotation": 180, "texture": "#1"}
			}
		},
		{
			"from": [17, 0.25, 0],
			"to": [19, 1.5, 16],
			"rotation": {"angle": 0, "axis": "y", "origin": [25, 8.5, 8]},
			"faces": {
				"north": {"uv": [12, 15, 14, 16], "rotation": 180, "texture": "#1"},
				"east": {"uv": [2, 0, 3, 16], "rotation": 90, "texture": "#1"},
				"south": {"uv": [12, 15, 14, 16], "texture": "#1"},
				"west": {"uv": [3, 0, 4, 16], "rotation": 90, "texture": "#1"},
				"up": {"uv": [2, 0, 4, 16], "rotation": 180, "texture": "#1"},
				"down": {"uv": [2, 0, 4, 16], "rotation": 180, "texture": "#1"}
			}
		},
		{
			"from": [-5, 0, 2.5],
			"to": [21, 0.5, 5.5],
			"rotation": {"angle": 0, "axis": "y", "origin": [10, 8, 11.5]},
			"faces": {
				"north": {"uv": [15, 1, 1, 2], "texture": "#1"},
				"east": {"uv": [2, 1, 1, 3], "rotation": 90, "texture": "#1"},
				"south": {"uv": [15, 1, 1, 2], "texture": "#1"},
				"west": {"uv": [2, 1, 1, 3], "rotation": 270, "texture": "#1"},
				"up": {"uv": [15, 1, 1, 3], "texture": "#1"},
				"down": {"uv": [15, 1, 1, 3], "texture": "#1"}
			}
		},
		{
			"from": [-5, 0, 10.75],
			"to": [21, 0.5, 13.75],
			"rotation": {"angle": 0, "axis": "y", "origin": [10, 8, 19.75]},
			"faces": {
				"north": {"uv": [15, 1, 1, 2], "texture": "#1"},
				"east": {"uv": [2, 1, 1, 3], "rotation": 90, "texture": "#1"},
				"south": {"uv": [15, 1, 1, 2], "texture": "#1"},
				"west": {"uv": [2, 1, 1, 3], "rotation": 270, "texture": "#1"},
				"up": {"uv": [15, 1, 1, 3], "texture": "#1"},
				"down": {"uv": [15, 1, 1, 3], "texture": "#1"}
			}
		}
	]
}