{
	"credit": "made with blockbench",
	"textures": {
		"1": "blocks/detector_rail_on",
		"particle": "blocks/detector_rail_on"
	},
	"elements": [
		{
			"from": [-3, 5, 2],
			"to": [-1, 6, 25],
			"rotation": {"angle": 45, "axis": "x", "origin": [5, 13, 13]},
			"faces": {
				"north": {"uv": [2, 1, 4, 2], "rotation": 180, "texture": "#1"},
				"east": {"uv": [3, 0, 4, 16], "rotation": 90, "texture": "#1"},
				"south": {"uv": [2, 1, 4, 2], "texture": "#1"},
				"west": {"uv": [2, 0, 3, 16], "rotation": 90, "texture": "#1"},
				"up": {"uv": [2, 0, 4, 16], "texture": "#1"},
				"down": {"uv": [2, 0, 4, 16], "texture": "#1"}
			}
		},
		{
			"from": [17, 5, 2],
			"to": [19, 6, 25],
			"rotation": {"angle": 45, "axis": "x", "origin": [25, 13, 13]},
			"faces": {
				"north": {"uv": [2, 1, 4, 2], "texture": "#1"},
				"east": {"uv": [2, 0, 3, 16], "rotation": 90, "texture": "#1"},
				"south": {"uv": [2, 1, 4, 2], "rotation": 180, "texture": "#1"},
				"west": {"uv": [3, 0, 4, 16], "rotation": 90, "texture": "#1"},
				"up": {"uv": [2, 0, 4, 16], "rotation": 180, "texture": "#1"},
				"down": {"uv": [2, 0, 4, 16], "rotation": 180, "texture": "#1"}
			}
		},
		{
			"from": [-5, 4, 5.75],
			"to": [21, 4.5, 8.75],
			"rotation": {"angle": 45, "axis": "x", "origin": [10, 12, 13.75]},
			"faces": {
				"north": {"uv": [1, 14, 15, 13], "texture": "#1"},
				"east": {"uv": [2, 13, 1, 15], "rotation": 90, "texture": "#1"},
				"south": {"uv": [1, 14, 15, 13], "texture": "#1"},
				"west": {"uv": [2, 13, 1, 15], "rotation": 270, "texture": "#1"},
				"up": {"uv": [15, 13, 1, 15], "texture": "#1"},
				"down": {"uv": [15, 13, 1, 15], "texture": "#1"}
			}
		},
		{
			"from": [-5, -5.25, 14],
			"to": [21, -4.75, 17],
			"rotation": {"angle": 45, "axis": "x", "origin": [10, 2.75, 23]},
			"faces": {
				"north": {"uv": [1, 14, 15, 13], "texture": "#1"},
				"east": {"uv": [2, 13, 1, 15], "rotation": 90, "texture": "#1"},
				"south": {"uv": [1, 14, 15, 13], "texture": "#1"},
				"west": {"uv": [2, 13, 1, 15], "rotation": 270, "texture": "#1"},
				"up": {"uv": [15, 13, 1, 15], "texture": "#1"},
				"down": {"uv": [15, 13, 1, 15], "texture": "#1"}
			}
		},
		{
			"from": [4.75, 1, 9],
			"to": [11.75, 2, 16],
			"rotation": {"angle": 45, "axis": "x", "origin": [17.75, 9, 17]},
			"faces": {
				"north": {"uv": [7, 7, 9, 9], "texture": "#1"},
				"east": {"uv": [7, 7, 9, 9], "texture": "#1"},
				"south": {"uv": [7, 7, 9, 9], "texture": "#1"},
				"west": {"uv": [7, 7, 9, 9], "texture": "#1"},
				"up": {"uv": [6, 6, 10, 10], "texture": "#1"},
				"down": {"uv": [7, 7, 9, 9], "texture": "#1"}
			}
		}
	]
}