{
	"credit": "made with blockbench",
	"textures": {
		"1": "blocks/detector_rail",
		"particle": "blocks/detector_rail"
	},
	"elements": [
		{
			"from": [-3, 5, -9],
			"to": [-1, 6, 14],
			"rotation": {"angle": -45, "axis": "x", "origin": [5, 13, 3]},
			"faces": {
				"north": {"uv": [4, 1, 2, 2], "texture": "#1"},
				"east": {"uv": [3, 16, 4, 0], "rotation": 90, "texture": "#1"},
				"south": {"uv": [4, 1, 2, 2], "rotation": 180, "texture": "#1"},
				"west": {"uv": [2, 16, 3, 0], "rotation": 90, "texture": "#1"},
				"up": {"uv": [2, 16, 4, 0], "texture": "#1"},
				"down": {"uv": [2, 16, 4, 0], "texture": "#1"}
			}
		},
		{
			"from": [17, 5, -9],
			"to": [19, 6, 14],
			"rotation": {"angle": -45, "axis": "x", "origin": [25, 13, 3]},
			"faces": {
				"north": {"uv": [4, 1, 2, 2], "rotation": 180, "texture": "#1"},
				"east": {"uv": [2, 16, 3, 0], "rotation": 90, "texture": "#1"},
				"south": {"uv": [4, 1, 2, 2], "texture": "#1"},
				"west": {"uv": [3, 16, 4, 0], "rotation": 90, "texture": "#1"},
				"up": {"uv": [2, 16, 4, 0], "rotation": 180, "texture": "#1"},
				"down": {"uv": [2, 16, 4, 0], "rotation": 180, "texture": "#1"}
			}
		},
		{
			"from": [-5, 4, 7.25],
			"to": [21, 4.5, 10.25],
			"rotation": {"angle": -45, "axis": "x", "origin": [10, 12, 2.25]},
			"faces": {
				"north": {"uv": [15, 14, 1, 13], "texture": "#1"},
				"east": {"uv": [2, 15, 1, 13], "rotation": 90, "texture": "#1"},
				"south": {"uv": [15, 14, 1, 13], "texture": "#1"},
				"west": {"uv": [2, 15, 1, 13], "rotation": 270, "texture": "#1"},
				"up": {"uv": [15, 15, 1, 13], "texture": "#1"},
				"down": {"uv": [15, 15, 1, 13], "texture": "#1"}
			}
		},
		{
			"from": [-5, -5.25, -1],
			"to": [21, -4.75, 2],
			"rotation": {"angle": -45, "axis": "x", "origin": [10, 2.75, -7]},
			"faces": {
				"north": {"uv": [15, 14, 1, 13], "texture": "#1"},
				"east": {"uv": [2, 15, 1, 13], "rotation": 90, "texture": "#1"},
				"south": {"uv": [15, 14, 1, 13], "texture": "#1"},
				"west": {"uv": [2, 15, 1, 13], "rotation": 270, "texture": "#1"},
				"up": {"uv": [15, 15, 1, 13], "texture": "#1"},
				"down": {"uv": [15, 15, 1, 13], "texture": "#1"}
			}
		},
		{
			"from": [4.75, 1, 0],
			"to": [11.75, 2, 7],
			"rotation": {"angle": -45, "axis": "x", "origin": [17.75, 9, -1]},
			"faces": {
				"north": {"uv": [9, 7, 7, 9], "texture": "#1"},
				"east": {"uv": [9, 7, 7, 9], "texture": "#1"},
				"south": {"uv": [9, 7, 7, 9], "texture": "#1"},
				"west": {"uv": [9, 7, 7, 9], "texture": "#1"},
				"up": {"uv": [7, 9, 9, 7], "texture": "#1"},
				"down": {"uv": [7, 9, 9, 7], "texture": "#1"}
			}
		}
	]
}