{
	"credit": "Made with Blockbench",
	"parent": "minecraft:block/wall_inventory",
	"textures": {
		"particle": "blocks/white_truss",
		"wall": "blocks/white_truss"
	},
	"elements": [
		{
			"from": [4, 4.96667, 0.4],
			"to": [5, 6.96667, 1.4],
			"rotation": {"angle": 0, "axis": "x", "origin": [8, 8, 8]},
			"faces": {
				"north": {"uv": [4, 13, 6, 15], "rotation": 180, "texture": "#wall"},
				"east": {"uv": [2, 2, 6, 3], "rotation": 90, "texture": "#wall"},
				"south": {"uv": [4, 13, 6, 15], "texture": "#wall"},
				"west": {"uv": [2, 14, 6, 15], "rotation": 270, "texture": "#wall"},
				"up": {"uv": [0, 1, 1, 15], "texture": "#wall"},
				"down": {"uv": [0, 1, 1, 15], "rotation": 180, "texture": "#wall"}
			}
		},
		{
			"from": [4, 3.96667, 0.4],
			"to": [5, 4.96667, 8.4],
			"rotation": {"angle": 0, "axis": "x", "origin": [8, 8, 8]},
			"faces": {
				"north": {"uv": [0, 1, 2, 15], "rotation": 180, "texture": "#wall"},
				"east": {"uv": [14, 1, 16, 15], "rotation": 90, "texture": "#wall"},
				"south": {"uv": [0, 1, 2, 15], "texture": "#wall"},
				"west": {"uv": [0, 1, 2, 15], "rotation": 270, "texture": "#wall"},
				"up": {"uv": [0, 1, 2, 15], "texture": "#wall"},
				"down": {"uv": [14, 1, 16, 15], "rotation": 180, "texture": "#wall"}
			}
		},
		{
			"from": [4, 3.96667, -0.1],
			"to": [5, 10.96667, 0.4],
			"rotation": {"angle": 0, "axis": "x", "origin": [8, 8, 8]},
			"faces": {
				"north": {"uv": [0, 1, 1, 15], "rotation": 180, "texture": "#wall"},
				"east": {"uv": [0, 15, 16, 16], "rotation": 90, "texture": "#wall"},
				"south": {"uv": [0, 1, 1, 15], "texture": "#wall"},
				"west": {"uv": [0, 15, 14, 16], "rotation": 270, "texture": "#wall"},
				"up": {"uv": [0, 1, 1, 15], "texture": "#wall"},
				"down": {"uv": [0, 1, 1, 15], "rotation": 180, "texture": "#wall"}
			}
		},
		{
			"from": [4, 9.96667, 5.4],
			"to": [5, 10.96667, 6.4],
			"rotation": {"angle": 0, "axis": "x", "origin": [8, 8, 8]},
			"faces": {
				"north": {"uv": [2, 14, 4, 15], "rotation": 180, "texture": "#wall"},
				"east": {"uv": [2, 14, 4, 15], "rotation": 90, "texture": "#wall"},
				"south": {"uv": [2, 14, 4, 15], "texture": "#wall"},
				"west": {"uv": [2, 14, 4, 15], "rotation": 270, "texture": "#wall"},
				"up": {"uv": [2, 14, 4, 15], "texture": "#wall"},
				"down": {"uv": [2, 14, 4, 15], "rotation": 180, "texture": "#wall"}
			}
		},
		{
			"from": [4, 8.96667, 4.4],
			"to": [5, 10.96667, 5.4],
			"rotation": {"angle": 0, "axis": "x", "origin": [8, 8, 8]},
			"faces": {
				"north": {"uv": [4, 13, 6, 15], "rotation": 180, "texture": "#wall"},
				"east": {"uv": [2, 2, 6, 3], "rotation": 90, "texture": "#wall"},
				"south": {"uv": [4, 13, 6, 15], "texture": "#wall"},
				"west": {"uv": [2, 14, 6, 15], "rotation": 270, "texture": "#wall"},
				"up": {"uv": [0, 1, 1, 15], "texture": "#wall"},
				"down": {"uv": [0, 1, 1, 15], "rotation": 180, "texture": "#wall"}
			}
		},
		{
			"from": [4, 7.96667, 3.4],
			"to": [5, 9.96667, 4.4],
			"rotation": {"angle": 0, "axis": "x", "origin": [8, 8, 8]},
			"faces": {
				"north": {"uv": [4, 13, 6, 15], "rotation": 180, "texture": "#wall"},
				"east": {"uv": [2, 2, 6, 3], "rotation": 90, "texture": "#wall"},
				"south": {"uv": [4, 13, 6, 15], "texture": "#wall"},
				"west": {"uv": [2, 14, 6, 15], "rotation": 270, "texture": "#wall"},
				"up": {"uv": [0, 1, 1, 15], "texture": "#wall"},
				"down": {"uv": [0, 1, 1, 15], "rotation": 180, "texture": "#wall"}
			}
		},
		{
			"from": [4, 6.96667, 2.4],
			"to": [5, 8.96667, 3.4],
			"rotation": {"angle": 0, "axis": "x", "origin": [8, 8, 8]},
			"faces": {
				"north": {"uv": [4, 13, 6, 15], "rotation": 180, "texture": "#wall"},
				"east": {"uv": [2, 2, 6, 3], "rotation": 90, "texture": "#wall"},
				"south": {"uv": [4, 13, 6, 15], "texture": "#wall"},
				"west": {"uv": [2, 14, 6, 15], "rotation": 270, "texture": "#wall"},
				"up": {"uv": [0, 1, 1, 15], "texture": "#wall"},
				"down": {"uv": [0, 1, 1, 15], "rotation": 180, "texture": "#wall"}
			}
		},
		{
			"from": [4, 5.96667, 1.4],
			"to": [5, 7.96667, 2.4],
			"rotation": {"angle": 0, "axis": "x", "origin": [8, 8, 8]},
			"faces": {
				"north": {"uv": [4, 13, 6, 15], "rotation": 180, "texture": "#wall"},
				"east": {"uv": [2, 2, 6, 3], "rotation": 90, "texture": "#wall"},
				"south": {"uv": [4, 13, 6, 15], "texture": "#wall"},
				"west": {"uv": [2, 14, 6, 15], "rotation": 270, "texture": "#wall"},
				"up": {"uv": [0, 1, 1, 15], "texture": "#wall"},
				"down": {"uv": [0, 1, 1, 15], "rotation": 180, "texture": "#wall"}
			}
		},
		{
			"from": [11, 9.03333, 0.4],
			"to": [12, 11.03333, 1.4],
			"rotation": {"angle": 0, "axis": "x", "origin": [8, 8, 8]},
			"faces": {
				"north": {"uv": [6, 15, 4, 13], "rotation": 180, "texture": "#wall"},
				"east": {"uv": [2, 14, 6, 15], "rotation": 90, "texture": "#wall"},
				"south": {"uv": [6, 15, 4, 13], "texture": "#wall"},
				"west": {"uv": [2, 2, 6, 3], "rotation": 270, "texture": "#wall"},
				"up": {"uv": [0, 1, 1, 15], "texture": "#wall"},
				"down": {"uv": [0, 1, 1, 15], "rotation": 180, "texture": "#wall"}
			}
		},
		{
			"from": [11, 11.03333, 0.4],
			"to": [12, 12.03333, 8.4],
			"rotation": {"angle": 0, "axis": "x", "origin": [8, 8, 8]},
			"faces": {
				"north": {"uv": [2, 15, 0, 1], "rotation": 180, "texture": "#wall"},
				"east": {"uv": [0, 1, 2, 15], "rotation": 90, "texture": "#wall"},
				"south": {"uv": [2, 15, 0, 1], "texture": "#wall"},
				"west": {"uv": [14, 1, 16, 15], "rotation": 270, "texture": "#wall"},
				"up": {"uv": [14, 1, 16, 15], "texture": "#wall"},
				"down": {"uv": [0, 1, 2, 15], "rotation": 180, "texture": "#wall"}
			}
		},
		{
			"from": [11, 5.03333, -0.1],
			"to": [12, 12.03333, 0.4],
			"rotation": {"angle": 0, "axis": "x", "origin": [8, 8, 8]},
			"faces": {
				"north": {"uv": [1, 15, 0, 1], "rotation": 180, "texture": "#wall"},
				"east": {"uv": [0, 15, 14, 16], "rotation": 90, "texture": "#wall"},
				"south": {"uv": [1, 15, 0, 1], "texture": "#wall"},
				"west": {"uv": [0, 15, 16, 16], "rotation": 270, "texture": "#wall"},
				"up": {"uv": [0, 1, 1, 15], "texture": "#wall"},
				"down": {"uv": [0, 1, 1, 15], "rotation": 180, "texture": "#wall"}
			}
		},
		{
			"from": [11, 5.03333, 5.4],
			"to": [12, 6.03333, 6.4],
			"rotation": {"angle": 0, "axis": "x", "origin": [8, 8, 8]},
			"faces": {
				"north": {"uv": [4, 15, 2, 14], "rotation": 180, "texture": "#wall"},
				"east": {"uv": [2, 14, 4, 15], "rotation": 90, "texture": "#wall"},
				"south": {"uv": [4, 15, 2, 14], "texture": "#wall"},
				"west": {"uv": [2, 14, 4, 15], "rotation": 270, "texture": "#wall"},
				"up": {"uv": [2, 14, 4, 15], "texture": "#wall"},
				"down": {"uv": [2, 14, 4, 15], "rotation": 180, "texture": "#wall"}
			}
		},
		{
			"from": [11, 5.03333, 4.4],
			"to": [12, 7.03333, 5.4],
			"rotation": {"angle": 0, "axis": "x", "origin": [8, 8, 8]},
			"faces": {
				"north": {"uv": [6, 15, 4, 13], "rotation": 180, "texture": "#wall"},
				"east": {"uv": [2, 14, 6, 15], "rotation": 90, "texture": "#wall"},
				"south": {"uv": [6, 15, 4, 13], "texture": "#wall"},
				"west": {"uv": [2, 2, 6, 3], "rotation": 270, "texture": "#wall"},
				"up": {"uv": [0, 1, 1, 15], "texture": "#wall"},
				"down": {"uv": [0, 1, 1, 15], "rotation": 180, "texture": "#wall"}
			}
		},
		{
			"from": [11, 6.03333, 3.4],
			"to": [12, 8.03333, 4.4],
			"rotation": {"angle": 0, "axis": "x", "origin": [8, 8, 8]},
			"faces": {
				"north": {"uv": [6, 15, 4, 13], "rotation": 180, "texture": "#wall"},
				"east": {"uv": [2, 14, 6, 15], "rotation": 90, "texture": "#wall"},
				"south": {"uv": [6, 15, 4, 13], "texture": "#wall"},
				"west": {"uv": [2, 2, 6, 3], "rotation": 270, "texture": "#wall"},
				"up": {"uv": [0, 1, 1, 15], "texture": "#wall"},
				"down": {"uv": [0, 1, 1, 15], "rotation": 180, "texture": "#wall"}
			}
		},
		{
			"from": [11, 7.03333, 2.4],
			"to": [12, 9.03333, 3.4],
			"rotation": {"angle": 0, "axis": "x", "origin": [8, 8, 8]},
			"faces": {
				"north": {"uv": [6, 15, 4, 13], "rotation": 180, "texture": "#wall"},
				"east": {"uv": [2, 14, 6, 15], "rotation": 90, "texture": "#wall"},
				"south": {"uv": [6, 15, 4, 13], "texture": "#wall"},
				"west": {"uv": [2, 2, 6, 3], "rotation": 270, "texture": "#wall"},
				"up": {"uv": [0, 1, 1, 15], "texture": "#wall"},
				"down": {"uv": [0, 1, 1, 15], "rotation": 180, "texture": "#wall"}
			}
		},
		{
			"from": [11, 8.03333, 1.4],
			"to": [12, 10.03333, 2.4],
			"rotation": {"angle": 0, "axis": "x", "origin": [8, 8, 8]},
			"faces": {
				"north": {"uv": [6, 15, 4, 13], "rotation": 180, "texture": "#wall"},
				"east": {"uv": [2, 14, 6, 15], "rotation": 90, "texture": "#wall"},
				"south": {"uv": [6, 15, 4, 13], "texture": "#wall"},
				"west": {"uv": [2, 2, 6, 3], "rotation": 270, "texture": "#wall"},
				"up": {"uv": [0, 1, 1, 15], "texture": "#wall"},
				"down": {"uv": [0, 1, 1, 15], "rotation": 180, "texture": "#wall"}
			}
		},
		{
			"from": [9.0125, 4, 0.4],
			"to": [11.0125, 5, 1.4],
			"rotation": {"angle": 0, "axis": "x", "origin": [8, 8, 8]},
			"faces": {
				"north": {"uv": [4, 13, 6, 15], "rotation": 270, "texture": "#wall"},
				"east": {"uv": [0, 1, 1, 15], "rotation": 90, "texture": "#wall"},
				"south": {"uv": [4, 13, 6, 15], "rotation": 270, "texture": "#wall"},
				"west": {"uv": [0, 1, 1, 15], "rotation": 270, "texture": "#wall"},
				"up": {"uv": [2, 2, 6, 3], "texture": "#wall"},
				"down": {"uv": [2, 14, 6, 15], "rotation": 180, "texture": "#wall"}
			}
		},
		{
			"from": [11.0125, 4, 0.4],
			"to": [12.0125, 5, 8.4],
			"rotation": {"angle": 0, "axis": "x", "origin": [8, 8, 8]},
			"faces": {
				"north": {"uv": [0, 1, 2, 15], "rotation": 270, "texture": "#wall"},
				"east": {"uv": [14, 1, 16, 15], "rotation": 90, "texture": "#wall"},
				"south": {"uv": [0, 1, 2, 15], "rotation": 270, "texture": "#wall"},
				"west": {"uv": [0, 1, 2, 15], "rotation": 270, "texture": "#wall"},
				"up": {"uv": [14, 1, 16, 15], "texture": "#wall"},
				"down": {"uv": [0, 1, 2, 15], "rotation": 180, "texture": "#wall"}
			}
		},
		{
			"from": [5.0125, 4, -0.1],
			"to": [12.0125, 5, 0.4],
			"rotation": {"angle": 0, "axis": "x", "origin": [8, 8, 8]},
			"faces": {
				"north": {"uv": [0, 1, 1, 15], "rotation": 270, "texture": "#wall"},
				"east": {"uv": [0, 1, 1, 15], "rotation": 90, "texture": "#wall"},
				"south": {"uv": [0, 1, 1, 15], "rotation": 270, "texture": "#wall"},
				"west": {"uv": [0, 1, 1, 15], "rotation": 270, "texture": "#wall"},
				"up": {"uv": [0, 15, 16, 16], "texture": "#wall"},
				"down": {"uv": [0, 15, 14, 16], "rotation": 180, "texture": "#wall"}
			}
		},
		{
			"from": [5.0125, 4, 5.4],
			"to": [6.0125, 5, 6.4],
			"rotation": {"angle": 0, "axis": "x", "origin": [8, 8, 8]},
			"faces": {
				"north": {"uv": [2, 14, 4, 15], "rotation": 270, "texture": "#wall"},
				"east": {"uv": [2, 14, 4, 15], "rotation": 90, "texture": "#wall"},
				"south": {"uv": [2, 14, 4, 15], "rotation": 270, "texture": "#wall"},
				"west": {"uv": [2, 14, 4, 15], "rotation": 270, "texture": "#wall"},
				"up": {"uv": [2, 14, 4, 15], "texture": "#wall"},
				"down": {"uv": [2, 14, 4, 15], "rotation": 180, "texture": "#wall"}
			}
		},
		{
			"from": [5.0125, 4, 4.4],
			"to": [7.0125, 5, 5.4],
			"rotation": {"angle": 0, "axis": "x", "origin": [8, 8, 8]},
			"faces": {
				"north": {"uv": [4, 13, 6, 15], "rotation": 270, "texture": "#wall"},
				"east": {"uv": [0, 1, 1, 15], "rotation": 90, "texture": "#wall"},
				"south": {"uv": [4, 13, 6, 15], "rotation": 270, "texture": "#wall"},
				"west": {"uv": [0, 1, 1, 15], "rotation": 270, "texture": "#wall"},
				"up": {"uv": [2, 2, 6, 3], "texture": "#wall"},
				"down": {"uv": [2, 14, 6, 15], "rotation": 180, "texture": "#wall"}
			}
		},
		{
			"from": [6.0125, 4, 3.4],
			"to": [8.0125, 5, 4.4],
			"rotation": {"angle": 0, "axis": "x", "origin": [8, 8, 8]},
			"faces": {
				"north": {"uv": [4, 13, 6, 15], "rotation": 270, "texture": "#wall"},
				"east": {"uv": [0, 1, 1, 15], "rotation": 90, "texture": "#wall"},
				"south": {"uv": [4, 13, 6, 15], "rotation": 270, "texture": "#wall"},
				"west": {"uv": [0, 1, 1, 15], "rotation": 270, "texture": "#wall"},
				"up": {"uv": [2, 2, 6, 3], "texture": "#wall"},
				"down": {"uv": [2, 14, 6, 15], "rotation": 180, "texture": "#wall"}
			}
		},
		{
			"from": [7.0125, 4, 2.4],
			"to": [9.0125, 5, 3.4],
			"rotation": {"angle": 0, "axis": "x", "origin": [8, 8, 8]},
			"faces": {
				"north": {"uv": [4, 13, 6, 15], "rotation": 270, "texture": "#wall"},
				"east": {"uv": [0, 1, 1, 15], "rotation": 90, "texture": "#wall"},
				"south": {"uv": [4, 13, 6, 15], "rotation": 270, "texture": "#wall"},
				"west": {"uv": [0, 1, 1, 15], "rotation": 270, "texture": "#wall"},
				"up": {"uv": [2, 2, 6, 3], "texture": "#wall"},
				"down": {"uv": [2, 14, 6, 15], "rotation": 180, "texture": "#wall"}
			}
		},
		{
			"from": [8.0125, 4, 1.4],
			"to": [10.0125, 5, 2.4],
			"rotation": {"angle": 0, "axis": "x", "origin": [8, 8, 8]},
			"faces": {
				"north": {"uv": [4, 13, 6, 15], "rotation": 270, "texture": "#wall"},
				"east": {"uv": [0, 1, 1, 15], "rotation": 90, "texture": "#wall"},
				"south": {"uv": [4, 13, 6, 15], "rotation": 270, "texture": "#wall"},
				"west": {"uv": [0, 1, 1, 15], "rotation": 270, "texture": "#wall"},
				"up": {"uv": [2, 2, 6, 3], "texture": "#wall"},
				"down": {"uv": [2, 14, 6, 15], "rotation": 180, "texture": "#wall"}
			}
		},
		{
			"from": [4.9875, 11, 0.4],
			"to": [6.9875, 12, 1.4],
			"rotation": {"angle": 0, "axis": "x", "origin": [8, 8, 8]},
			"faces": {
				"north": {"uv": [4, 15, 6, 13], "rotation": 270, "texture": "#wall"},
				"east": {"uv": [1, 1, 0, 15], "rotation": 90, "texture": "#wall"},
				"south": {"uv": [4, 15, 6, 13], "rotation": 270, "texture": "#wall"},
				"west": {"uv": [1, 1, 0, 15], "rotation": 270, "texture": "#wall"},
				"up": {"uv": [6, 2, 2, 3], "texture": "#wall"},
				"down": {"uv": [6, 14, 2, 15], "rotation": 180, "texture": "#wall"}
			}
		},
		{
			"from": [3.9875, 11, 0.4],
			"to": [4.9875, 12, 8.4],
			"rotation": {"angle": 0, "axis": "x", "origin": [8, 8, 8]},
			"faces": {
				"north": {"uv": [0, 15, 2, 1], "rotation": 270, "texture": "#wall"},
				"east": {"uv": [2, 1, 0, 15], "rotation": 90, "texture": "#wall"},
				"south": {"uv": [0, 15, 2, 1], "rotation": 270, "texture": "#wall"},
				"west": {"uv": [2, 1, 0, 15], "rotation": 270, "texture": "#wall"},
				"up": {"uv": [16, 1, 14, 15], "texture": "#wall"},
				"down": {"uv": [2, 1, 0, 15], "rotation": 180, "texture": "#wall"}
			}
		},
		{
			"from": [3.9875, 11, -0.1],
			"to": [10.9875, 12, 0.4],
			"rotation": {"angle": 0, "axis": "x", "origin": [8, 8, 8]},
			"faces": {
				"north": {"uv": [0, 15, 1, 1], "rotation": 270, "texture": "#wall"},
				"east": {"uv": [1, 1, 0, 15], "rotation": 90, "texture": "#wall"},
				"south": {"uv": [0, 15, 1, 1], "rotation": 270, "texture": "#wall"},
				"west": {"uv": [1, 1, 0, 15], "rotation": 270, "texture": "#wall"},
				"up": {"uv": [16, 15, 0, 16], "texture": "#wall"},
				"down": {"uv": [14, 15, 0, 16], "rotation": 180, "texture": "#wall"}
			}
		},
		{
			"from": [9.9875, 11, 5.4],
			"to": [10.9875, 12, 6.4],
			"rotation": {"angle": 0, "axis": "x", "origin": [8, 8, 8]},
			"faces": {
				"north": {"uv": [2, 15, 4, 14], "rotation": 270, "texture": "#wall"},
				"east": {"uv": [4, 14, 2, 15], "rotation": 90, "texture": "#wall"},
				"south": {"uv": [2, 15, 4, 14], "rotation": 270, "texture": "#wall"},
				"west": {"uv": [4, 14, 2, 15], "rotation": 270, "texture": "#wall"},
				"up": {"uv": [4, 14, 2, 15], "texture": "#wall"},
				"down": {"uv": [4, 14, 2, 15], "rotation": 180, "texture": "#wall"}
			}
		},
		{
			"from": [8.9875, 11, 4.4],
			"to": [10.9875, 12, 5.4],
			"rotation": {"angle": 0, "axis": "x", "origin": [8, 8, 8]},
			"faces": {
				"north": {"uv": [4, 15, 6, 13], "rotation": 270, "texture": "#wall"},
				"east": {"uv": [1, 1, 0, 15], "rotation": 90, "texture": "#wall"},
				"south": {"uv": [4, 15, 6, 13], "rotation": 270, "texture": "#wall"},
				"west": {"uv": [1, 1, 0, 15], "rotation": 270, "texture": "#wall"},
				"up": {"uv": [6, 2, 2, 3], "texture": "#wall"},
				"down": {"uv": [6, 14, 2, 15], "rotation": 180, "texture": "#wall"}
			}
		},
		{
			"from": [7.9875, 11, 3.4],
			"to": [9.9875, 12, 4.4],
			"rotation": {"angle": 0, "axis": "x", "origin": [8, 8, 8]},
			"faces": {
				"north": {"uv": [4, 15, 6, 13], "rotation": 270, "texture": "#wall"},
				"east": {"uv": [1, 1, 0, 15], "rotation": 90, "texture": "#wall"},
				"south": {"uv": [4, 15, 6, 13], "rotation": 270, "texture": "#wall"},
				"west": {"uv": [1, 1, 0, 15], "rotation": 270, "texture": "#wall"},
				"up": {"uv": [6, 2, 2, 3], "texture": "#wall"},
				"down": {"uv": [6, 14, 2, 15], "rotation": 180, "texture": "#wall"}
			}
		},
		{
			"from": [6.9875, 11, 2.4],
			"to": [8.9875, 12, 3.4],
			"rotation": {"angle": 0, "axis": "x", "origin": [8, 8, 8]},
			"faces": {
				"north": {"uv": [4, 15, 6, 13], "rotation": 270, "texture": "#wall"},
				"east": {"uv": [1, 1, 0, 15], "rotation": 90, "texture": "#wall"},
				"south": {"uv": [4, 15, 6, 13], "rotation": 270, "texture": "#wall"},
				"west": {"uv": [1, 1, 0, 15], "rotation": 270, "texture": "#wall"},
				"up": {"uv": [6, 2, 2, 3], "texture": "#wall"},
				"down": {"uv": [6, 14, 2, 15], "rotation": 180, "texture": "#wall"}
			}
		},
		{
			"from": [5.9875, 11, 1.4],
			"to": [7.9875, 12, 2.4],
			"rotation": {"angle": 0, "axis": "x", "origin": [8, 8, 8]},
			"faces": {
				"north": {"uv": [4, 15, 6, 13], "rotation": 270, "texture": "#wall"},
				"east": {"uv": [1, 1, 0, 15], "rotation": 90, "texture": "#wall"},
				"south": {"uv": [4, 15, 6, 13], "rotation": 270, "texture": "#wall"},
				"west": {"uv": [1, 1, 0, 15], "rotation": 270, "texture": "#wall"},
				"up": {"uv": [6, 2, 2, 3], "texture": "#wall"},
				"down": {"uv": [6, 14, 2, 15], "rotation": 180, "texture": "#wall"}
			}
		}
	],
	"groups": [
		{
			"name": "group",
			"origin": [8, 8, 8],
			"color": 0,
			"children": [
				{
					"name": "group",
					"origin": [0, 0, 0],
					"color": 0,
					"children": [0, 1, 2, 3, 4, 5, 6, 7]
				},
				{
					"name": "group",
					"origin": [0, 0, 0],
					"color": 0,
					"children": [8, 9, 10, 11, 12, 13, 14, 15]
				},
				{
					"name": "group",
					"origin": [0, 0, 0],
					"color": 0,
					"children": [16, 17, 18, 19, 20, 21, 22, 23]
				},
				{
					"name": "group",
					"origin": [0, 0, 0],
					"color": 0,
					"children": [24, 25, 26, 27, 28, 29, 30, 31]
				}
			]
		}
	]
}