{
	"credit": "made with blockbench",
	"textures": {
		"1": "blocks/default_rail",
		"particle": "blocks/default_rail"
	},
	"elements": [
		{
			"from": [-3, 0.25, -3],
			"to": [-1, 1.5, 16.75],
			"rotation": {"angle": 0, "axis": "y", "origin": [5, 8.5, 8]},
			"faces": {
				"north": {"uv": [12, 15, 14, 16], "texture": "#1"},
				"east": {"uv": [3, 0, 4, 16], "rotation": 90, "texture": "#1"},
				"south": {"uv": [12, 15, 14, 16], "rotation": 180, "texture": "#1"},
				"west": {"uv": [2, 0, 3, 16], "rotation": 90, "texture": "#1"},
				"up": {"uv": [12, 0, 14, 16], "rotation": 180, "texture": "#1"},
				"down": {"uv": [12, 0, 14, 16], "rotation": 180, "texture": "#1"}
			}
		},
		{
			"from": [17, 0.25, -0.75],
			"to": [19, 1.5, 19],
			"rotation": {"angle": 0, "axis": "y", "origin": [25, 8.5, 8]},
			"faces": {
				"north": {"uv": [12, 15, 14, 16], "rotation": 180, "texture": "#1"},
				"east": {"uv": [2, 0, 3, 16], "rotation": 90, "texture": "#1"},
				"south": {"uv": [12, 15, 14, 16], "texture": "#1"},
				"west": {"uv": [3, 0, 4, 16], "rotation": 90, "texture": "#1"},
				"up": {"uv": [2, 0, 4, 16], "rotation": 180, "texture": "#1"},
				"down": {"uv": [2, 0, 4, 16], "rotation": 180, "texture": "#1"}
			}
		},
		{
			"from": [-5, 0, 2.5],
			"to": [21, 1, 5.5],
			"rotation": {"angle": 0, "axis": "y", "origin": [10, 8, 11.5]},
			"faces": {
				"north": {"uv": [12, 2, 4, 3], "texture": "#1"},
				"east": {"uv": [2, 1, 1, 3], "rotation": 90, "texture": "#1"},
				"south": {"uv": [12, 1, 4, 2], "texture": "#1"},
				"west": {"uv": [2, 1, 1, 3], "rotation": 270, "texture": "#1"},
				"up": {"uv": [12, 1, 4, 3], "texture": "#1"},
				"down": {"uv": [12, 1, 4, 3], "texture": "#1"}
			}
		},
		{
			"from": [-5, 0, 10.75],
			"to": [21, 1, 13.75],
			"rotation": {"angle": 0, "axis": "y", "origin": [10, 8, 19.75]},
			"faces": {
				"north": {"uv": [12, 2, 4, 3], "texture": "#1"},
				"east": {"uv": [2, 1, 1, 3], "rotation": 90, "texture": "#1"},
				"south": {"uv": [12, 1, 4, 2], "texture": "#1"},
				"west": {"uv": [2, 1, 1, 3], "rotation": 270, "texture": "#1"},
				"up": {"uv": [12, 1, 4, 3], "texture": "#1"},
				"down": {"uv": [12, 1, 4, 3], "texture": "#1"}
			}
		},
		{
			"from": [-0.75, 0.25, -3],
			"to": [19, 1.5, -1],
			"rotation": {"angle": 0, "axis": "y", "origin": [8, 8.5, 5]},
			"faces": {
				"north": {"uv": [2, 0, 3, 16], "rotation": 90, "texture": "#1"},
				"east": {"uv": [12, 15, 14, 16], "texture": "#1"},
				"south": {"uv": [3, 0, 4, 16], "rotation": 90, "texture": "#1"},
				"west": {"uv": [12, 15, 14, 16], "rotation": 180, "texture": "#1"},
				"up": {"uv": [12, 0, 14, 16], "rotation": 270, "texture": "#1"},
				"down": {"uv": [12, 0, 14, 16], "rotation": 90, "texture": "#1"}
			}
		},
		{
			"from": [-3, 0.25, 17],
			"to": [16.75, 1.5, 19],
			"rotation": {"angle": 0, "axis": "y", "origin": [8, 8.5, 25]},
			"faces": {
				"north": {"uv": [3, 0, 4, 16], "rotation": 90, "texture": "#1"},
				"east": {"uv": [12, 15, 14, 16], "rotation": 180, "texture": "#1"},
				"south": {"uv": [2, 0, 3, 16], "rotation": 90, "texture": "#1"},
				"west": {"uv": [12, 15, 14, 16], "texture": "#1"},
				"up": {"uv": [2, 0, 4, 16], "rotation": 270, "texture": "#1"},
				"down": {"uv": [2, 0, 4, 16], "rotation": 90, "texture": "#1"}
			}
		},
		{
			"from": [10.5, 0, -5],
			"to": [13.5, 0.5, 21],
			"rotation": {"angle": 0, "axis": "y", "origin": [4.5, 8, 10]},
			"faces": {
				"north": {"uv": [2, 1, 1, 3], "rotation": 270, "texture": "#1"},
				"east": {"uv": [12, 2, 4, 3], "texture": "#1"},
				"south": {"uv": [2, 1, 1, 3], "rotation": 90, "texture": "#1"},
				"west": {"uv": [12, 1, 4, 2], "texture": "#1"},
				"up": {"uv": [12, 1, 4, 3], "rotation": 90, "texture": "#1"},
				"down": {"uv": [12, 1, 4, 3], "rotation": 270, "texture": "#1"}
			}
		},
		{
			"from": [2.25, 0, -5],
			"to": [5.25, 0.5, 21],
			"rotation": {"angle": 0, "axis": "y", "origin": [-3.75, 8, 10]},
			"faces": {
				"north": {"uv": [2, 1, 1, 3], "rotation": 270, "texture": "#1"},
				"east": {"uv": [12, 2, 4, 3], "texture": "#1"},
				"south": {"uv": [2, 1, 1, 3], "rotation": 90, "texture": "#1"},
				"west": {"uv": [12, 1, 4, 2], "texture": "#1"},
				"up": {"uv": [12, 1, 4, 3], "rotation": 90, "texture": "#1"},
				"down": {"uv": [12, 1, 4, 3], "rotation": 270, "texture": "#1"}
			}
		}
	],
	"display": {
		"gui": {
			"rotation": [90, 0, 0]
		},
		"fixed": {
			"rotation": [90, 0, 0],
			"translation": [0, 0, 7.25]
		}
	},
	"groups": [
		{
			"name": "rail",
			"origin": [8, 8, 8],
			"children": [0, 1, 2, 3]
		},
		{
			"name": "rail",
			"origin": [8, 8, 8],
			"children": [4, 5, 6, 7]
		}
	]
}