{
	"credit": "Made with Blockbench",
	"textures": {
		"0": "blocks/default_rail",
		"particle": "blocks/default_rail"
	},
	"elements": [
		{
			"from": [1.65, 0, 0.45],
			"to": [3.65, 1, 23.1],
			"rotation": {"angle": -45, "axis": "y", "origin": [11, 8, 11]},
			"faces": {
				"north": {"uv": [2, 0, 4, 1], "rotation": 180, "texture": "#0"},
				"east": {"uv": [3, 0, 4, 16], "rotation": 90, "texture": "#0"},
				"south": {"uv": [2, 0, 4, 1], "texture": "#0"},
				"west": {"uv": [2, 0, 3, 16], "texture": "#0"},
				"up": {"uv": [2, 0, 4, 16], "texture": "#0"},
				"down": {"uv": [2, 0, 4, 16], "texture": "#0"}
			}
		},
		{
			"from": [-6.35, 0, 9.4],
			"to": [19.5, 0.5, 12.9],
			"rotation": {"angle": -45, "axis": "y", "origin": [8.25, 8, 18]},
			"faces": {
				"north": {"uv": [4, 14, 5, 15], "texture": "#0"},
				"east": {"uv": [5, 13, 4, 15], "rotation": 90, "texture": "#0"},
				"south": {"uv": [4, 14, 5, 15], "texture": "#0"},
				"west": {"uv": [5, 13, 4, 15], "rotation": 270, "texture": "#0"},
				"up": {"uv": [12, 13, 4, 15], "texture": "#0"},
				"down": {"uv": [12, 13, 4, 15], "texture": "#0"}
			}
		}
	]
}