{
	"credit": "Made with Blockbench",
	"textures": {
		"particle": "blocks/bone_block_side",
		"wall": "blocks/bone_block_side"
	},
	"elements": [
		{
			"name": "Center post",
			"from": [4, 0, 4],
			"to": [12, 16, 12],
			"faces": {
				"north": {"uv": [0, 0, 16, 16], "texture": "#wall"},
				"east": {"uv": [0, 0, 16, 16], "texture": "#wall"},
				"south": {"uv": [0, 0, 16, 16], "texture": "#wall"},
				"west": {"uv": [0, 0, 16, 16], "texture": "#wall"},
				"up": {"uv": [0, 0, 16, 16], "texture": "#wall"},
				"down": {"uv": [0, 0, 16, 16], "texture": "#wall"}
			}
		}
	]
}