{
	"credit": "Made with Blockbench",
	"textures": {
		"particle": "blocks/green_truss",
		"wall": "blocks/green_truss"
	},
	"elements": [
		{
			"from": [4, 14, 4.96667],
			"to": [5, 15, 6.96667],
			"rotation": {"angle": 0, "axis": "y", "origin": [6.23958, 24, 6.23958]},
			"faces": {
				"north": {"uv": [0, 1, 1, 15], "texture": "#wall"},
				"east": {"uv": [2, 2, 6, 3], "texture": "#wall"},
				"south": {"uv": [0, 1, 1, 15], "texture": "#wall"},
				"west": {"uv": [2, 14, 6, 15], "texture": "#wall"},
				"up": {"uv": [4, 13, 6, 15], "texture": "#wall"},
				"down": {"uv": [4, 13, 6, 15], "texture": "#wall"}
			}
		},
		{
			"from": [4, 0.5, 3.96667],
			"to": [5, 15.5, 4.96667],
			"rotation": {"angle": 0, "axis": "y", "origin": [6.23958, 24, 6.23958]},
			"faces": {
				"north": {"uv": [14, 1, 16, 15], "texture": "#wall"},
				"east": {"uv": [14, 1, 16, 15], "texture": "#wall"},
				"south": {"uv": [0, 1, 2, 15], "texture": "#wall"},
				"west": {"uv": [0, 1, 2, 15], "texture": "#wall"},
				"up": {"uv": [0, 1, 2, 15], "texture": "#wall"},
				"down": {"uv": [0, 1, 2, 15], "texture": "#wall"}
			}
		},
		{
			"from": [4, 0, 3.96667],
			"to": [5, 0.5, 10.96667],
			"rotation": {"angle": 0, "axis": "y", "origin": [6.23958, 24, 6.23958]},
			"faces": {
				"north": {"uv": [0, 1, 1, 15], "texture": "#wall"},
				"east": {"uv": [0, 15, 16, 16], "texture": "#wall"},
				"south": {"uv": [0, 1, 1, 15], "texture": "#wall"},
				"west": {"uv": [0, 15, 16, 16], "texture": "#wall"},
				"up": {"uv": [0, 1, 1, 15], "texture": "#wall"},
				"down": {"uv": [0, 1, 1, 15], "texture": "#wall"}
			}
		},
		{
			"from": [4, 15.5, 3.96667],
			"to": [5, 16, 10.96667],
			"rotation": {"angle": 0, "axis": "y", "origin": [6.23958, 24, 6.23958]},
			"faces": {
				"north": {"uv": [0, 1, 1, 15], "texture": "#wall"},
				"east": {"uv": [0, 15, 16, 16], "texture": "#wall"},
				"south": {"uv": [0, 1, 1, 15], "texture": "#wall"},
				"west": {"uv": [0, 15, 14, 16], "texture": "#wall"},
				"up": {"uv": [0, 1, 1, 15], "texture": "#wall"},
				"down": {"uv": [0, 1, 1, 15], "texture": "#wall"}
			}
		},
		{
			"from": [4, 1, 4.96667],
			"to": [5, 2, 6.96667],
			"rotation": {"angle": 0, "axis": "y", "origin": [6.23958, 24, 6.23958]},
			"faces": {
				"north": {"uv": [0, 1, 1, 15], "texture": "#wall"},
				"east": {"uv": [2, 2, 6, 3], "texture": "#wall"},
				"south": {"uv": [0, 1, 1, 15], "texture": "#wall"},
				"west": {"uv": [2, 14, 6, 15], "texture": "#wall"},
				"up": {"uv": [4, 13, 6, 15], "texture": "#wall"},
				"down": {"uv": [4, 13, 6, 15], "texture": "#wall"}
			}
		},
		{
			"from": [4, 2, 5.96667],
			"to": [5, 3, 7.96667],
			"rotation": {"angle": 0, "axis": "y", "origin": [6.23958, 24, 6.23958]},
			"faces": {
				"north": {"uv": [0, 1, 1, 15], "texture": "#wall"},
				"east": {"uv": [2, 2, 6, 3], "texture": "#wall"},
				"south": {"uv": [0, 1, 1, 15], "texture": "#wall"},
				"west": {"uv": [2, 14, 6, 15], "texture": "#wall"},
				"up": {"uv": [4, 13, 6, 15], "texture": "#wall"},
				"down": {"uv": [4, 13, 6, 15], "texture": "#wall"}
			}
		},
		{
			"from": [4, 3, 6.96667],
			"to": [5, 4, 8.96667],
			"rotation": {"angle": 0, "axis": "y", "origin": [6.23958, 24, 6.23958]},
			"faces": {
				"north": {"uv": [0, 1, 1, 15], "texture": "#wall"},
				"east": {"uv": [2, 2, 6, 3], "texture": "#wall"},
				"south": {"uv": [0, 1, 1, 15], "texture": "#wall"},
				"west": {"uv": [2, 14, 6, 15], "texture": "#wall"},
				"up": {"uv": [4, 13, 6, 15], "texture": "#wall"},
				"down": {"uv": [4, 13, 6, 15], "texture": "#wall"}
			}
		},
		{
			"from": [4, 4, 7.96667],
			"to": [5, 5, 9.96667],
			"rotation": {"angle": 0, "axis": "y", "origin": [6.23958, 24, 6.23958]},
			"faces": {
				"north": {"uv": [0, 1, 1, 15], "texture": "#wall"},
				"east": {"uv": [2, 2, 6, 3], "texture": "#wall"},
				"south": {"uv": [0, 1, 1, 15], "texture": "#wall"},
				"west": {"uv": [2, 14, 6, 15], "texture": "#wall"},
				"up": {"uv": [4, 13, 6, 15], "texture": "#wall"},
				"down": {"uv": [4, 13, 6, 15], "texture": "#wall"}
			}
		},
		{
			"from": [4, 5, 8.96667],
			"to": [5, 6, 10.96667],
			"rotation": {"angle": 0, "axis": "y", "origin": [6.23958, 24, 6.23958]},
			"faces": {
				"north": {"uv": [0, 1, 1, 15], "texture": "#wall"},
				"east": {"uv": [2, 2, 6, 3], "texture": "#wall"},
				"south": {"uv": [0, 1, 1, 15], "texture": "#wall"},
				"west": {"uv": [2, 14, 6, 15], "texture": "#wall"},
				"up": {"uv": [4, 13, 6, 15], "texture": "#wall"},
				"down": {"uv": [4, 13, 6, 15], "texture": "#wall"}
			}
		},
		{
			"from": [4, 6, 9.96667],
			"to": [5, 7, 10.96667],
			"rotation": {"angle": 0, "axis": "y", "origin": [6.23958, 24, 6.23958]},
			"faces": {
				"north": {"uv": [2, 14, 4, 15], "texture": "#wall"},
				"east": {"uv": [2, 14, 4, 15], "texture": "#wall"},
				"south": {"uv": [2, 14, 4, 15], "texture": "#wall"},
				"west": {"uv": [2, 14, 4, 15], "texture": "#wall"},
				"up": {"uv": [2, 14, 4, 15], "texture": "#wall"},
				"down": {"uv": [2, 14, 4, 15], "texture": "#wall"}
			}
		},
		{
			"from": [4, 0, 4.96667],
			"to": [5, 1, 5.96667],
			"rotation": {"angle": 0, "axis": "y", "origin": [6.23958, 24, 6.23958]},
			"faces": {
				"north": {"uv": [4, 14, 6, 15], "texture": "#wall"},
				"east": {"uv": [4, 14, 6, 15], "texture": "#wall"},
				"south": {"uv": [4, 14, 6, 15], "texture": "#wall"},
				"west": {"uv": [4, 14, 6, 15], "texture": "#wall"},
				"up": {"uv": [4, 14, 6, 15], "texture": "#wall"},
				"down": {"uv": [4, 14, 6, 15], "texture": "#wall"}
			}
		},
		{
			"from": [4, 9, 9.96667],
			"to": [5, 10, 10.96667],
			"rotation": {"angle": 0, "axis": "y", "origin": [6.23958, 24, 6.23958]},
			"faces": {
				"north": {"uv": [2, 14, 4, 15], "texture": "#wall"},
				"east": {"uv": [2, 14, 4, 15], "texture": "#wall"},
				"south": {"uv": [2, 14, 4, 15], "texture": "#wall"},
				"west": {"uv": [2, 14, 4, 15], "texture": "#wall"},
				"up": {"uv": [2, 14, 4, 15], "texture": "#wall"},
				"down": {"uv": [2, 14, 4, 15], "texture": "#wall"}
			}
		},
		{
			"from": [4, 15, 4.96667],
			"to": [5, 16, 5.96667],
			"rotation": {"angle": 0, "axis": "y", "origin": [6.23958, 24, 6.23958]},
			"faces": {
				"north": {"uv": [4, 14, 6, 15], "texture": "#wall"},
				"east": {"uv": [4, 14, 6, 15], "texture": "#wall"},
				"south": {"uv": [4, 14, 6, 15], "texture": "#wall"},
				"west": {"uv": [4, 14, 6, 15], "texture": "#wall"},
				"up": {"uv": [4, 14, 6, 15], "texture": "#wall"},
				"down": {"uv": [4, 14, 6, 15], "texture": "#wall"}
			}
		},
		{
			"from": [4, 10, 8.96667],
			"to": [5, 11, 10.96667],
			"rotation": {"angle": 0, "axis": "y", "origin": [6.23958, 24, 6.23958]},
			"faces": {
				"north": {"uv": [0, 1, 1, 15], "texture": "#wall"},
				"east": {"uv": [2, 2, 6, 3], "texture": "#wall"},
				"south": {"uv": [0, 1, 1, 15], "texture": "#wall"},
				"west": {"uv": [2, 14, 6, 15], "texture": "#wall"},
				"up": {"uv": [4, 13, 6, 15], "texture": "#wall"},
				"down": {"uv": [4, 13, 6, 15], "texture": "#wall"}
			}
		},
		{
			"from": [4, 11, 7.96667],
			"to": [5, 12, 9.96667],
			"rotation": {"angle": 0, "axis": "y", "origin": [6.23958, 24, 6.23958]},
			"faces": {
				"north": {"uv": [0, 1, 1, 15], "texture": "#wall"},
				"east": {"uv": [2, 2, 6, 3], "texture": "#wall"},
				"south": {"uv": [0, 1, 1, 15], "texture": "#wall"},
				"west": {"uv": [2, 14, 6, 15], "texture": "#wall"},
				"up": {"uv": [4, 13, 6, 15], "texture": "#wall"},
				"down": {"uv": [4, 13, 6, 15], "texture": "#wall"}
			}
		},
		{
			"from": [4, 12, 6.96667],
			"to": [5, 13, 8.96667],
			"rotation": {"angle": 0, "axis": "y", "origin": [6.23958, 24, 6.23958]},
			"faces": {
				"north": {"uv": [0, 1, 1, 15], "texture": "#wall"},
				"east": {"uv": [2, 2, 6, 3], "texture": "#wall"},
				"south": {"uv": [0, 1, 1, 15], "texture": "#wall"},
				"west": {"uv": [2, 14, 6, 15], "texture": "#wall"},
				"up": {"uv": [4, 13, 6, 15], "texture": "#wall"},
				"down": {"uv": [4, 13, 6, 15], "texture": "#wall"}
			}
		},
		{
			"from": [4, 13, 5.96667],
			"to": [5, 14, 7.96667],
			"rotation": {"angle": 0, "axis": "y", "origin": [6.23958, 24, 6.23958]},
			"faces": {
				"north": {"uv": [0, 1, 1, 15], "texture": "#wall"},
				"east": {"uv": [2, 2, 6, 3], "texture": "#wall"},
				"south": {"uv": [0, 1, 1, 15], "texture": "#wall"},
				"west": {"uv": [2, 14, 6, 15], "texture": "#wall"},
				"up": {"uv": [4, 13, 6, 15], "texture": "#wall"},
				"down": {"uv": [4, 13, 6, 15], "texture": "#wall"}
			}
		},
		{
			"from": [11, 14, 9.03333],
			"to": [12, 15, 11.03333],
			"rotation": {"angle": 0, "axis": "y", "origin": [9.76042, 24, 9.76042]},
			"faces": {
				"north": {"uv": [0, 1, 1, 15], "texture": "#wall"},
				"east": {"uv": [2, 14, 6, 15], "texture": "#wall"},
				"south": {"uv": [0, 1, 1, 15], "texture": "#wall"},
				"west": {"uv": [2, 2, 6, 3], "texture": "#wall"},
				"up": {"uv": [6, 15, 4, 13], "texture": "#wall"},
				"down": {"uv": [6, 15, 4, 13], "texture": "#wall"}
			}
		},
		{
			"from": [11, 0.5, 11.03333],
			"to": [12, 15.5, 12.03333],
			"rotation": {"angle": 0, "axis": "y", "origin": [9.76042, 24, 9.76042]},
			"faces": {
				"north": {"uv": [0, 1, 2, 15], "texture": "#wall"},
				"east": {"uv": [0, 1, 2, 15], "texture": "#wall"},
				"south": {"uv": [14, 1, 16, 15], "texture": "#wall"},
				"west": {"uv": [14, 1, 16, 15], "texture": "#wall"},
				"up": {"uv": [2, 15, 0, 1], "texture": "#wall"},
				"down": {"uv": [2, 15, 0, 1], "texture": "#wall"}
			}
		},
		{
			"from": [11, 0, 5.03333],
			"to": [12, 0.5, 12.03333],
			"rotation": {"angle": 0, "axis": "y", "origin": [9.76042, 24, 9.76042]},
			"faces": {
				"north": {"uv": [0, 1, 1, 15], "texture": "#wall"},
				"east": {"uv": [0, 15, 16, 16], "texture": "#wall"},
				"south": {"uv": [0, 1, 1, 15], "texture": "#wall"},
				"west": {"uv": [0, 15, 16, 16], "texture": "#wall"},
				"up": {"uv": [1, 15, 0, 1], "texture": "#wall"},
				"down": {"uv": [1, 15, 0, 1], "texture": "#wall"}
			}
		},
		{
			"from": [11, 15.5, 5.03333],
			"to": [12, 16, 12.03333],
			"rotation": {"angle": 0, "axis": "y", "origin": [9.76042, 24, 9.76042]},
			"faces": {
				"north": {"uv": [0, 1, 1, 15], "texture": "#wall"},
				"east": {"uv": [0, 15, 14, 16], "texture": "#wall"},
				"south": {"uv": [0, 1, 1, 15], "texture": "#wall"},
				"west": {"uv": [0, 15, 16, 16], "texture": "#wall"},
				"up": {"uv": [1, 15, 0, 1], "texture": "#wall"},
				"down": {"uv": [1, 15, 0, 1], "texture": "#wall"}
			}
		},
		{
			"from": [11, 1, 9.03333],
			"to": [12, 2, 11.03333],
			"rotation": {"angle": 0, "axis": "y", "origin": [9.76042, 24, 9.76042]},
			"faces": {
				"north": {"uv": [0, 1, 1, 15], "texture": "#wall"},
				"east": {"uv": [2, 14, 6, 15], "texture": "#wall"},
				"south": {"uv": [0, 1, 1, 15], "texture": "#wall"},
				"west": {"uv": [2, 2, 6, 3], "texture": "#wall"},
				"up": {"uv": [6, 15, 4, 13], "texture": "#wall"},
				"down": {"uv": [6, 15, 4, 13], "texture": "#wall"}
			}
		},
		{
			"from": [11, 2, 8.03333],
			"to": [12, 3, 10.03333],
			"rotation": {"angle": 0, "axis": "y", "origin": [9.76042, 24, 9.76042]},
			"faces": {
				"north": {"uv": [0, 1, 1, 15], "texture": "#wall"},
				"east": {"uv": [2, 14, 6, 15], "texture": "#wall"},
				"south": {"uv": [0, 1, 1, 15], "texture": "#wall"},
				"west": {"uv": [2, 2, 6, 3], "texture": "#wall"},
				"up": {"uv": [6, 15, 4, 13], "texture": "#wall"},
				"down": {"uv": [6, 15, 4, 13], "texture": "#wall"}
			}
		},
		{
			"from": [11, 3, 7.03333],
			"to": [12, 4, 9.03333],
			"rotation": {"angle": 0, "axis": "y", "origin": [9.76042, 24, 9.76042]},
			"faces": {
				"north": {"uv": [0, 1, 1, 15], "texture": "#wall"},
				"east": {"uv": [2, 14, 6, 15], "texture": "#wall"},
				"south": {"uv": [0, 1, 1, 15], "texture": "#wall"},
				"west": {"uv": [2, 2, 6, 3], "texture": "#wall"},
				"up": {"uv": [6, 15, 4, 13], "texture": "#wall"},
				"down": {"uv": [6, 15, 4, 13], "texture": "#wall"}
			}
		},
		{
			"from": [11, 4, 6.03333],
			"to": [12, 5, 8.03333],
			"rotation": {"angle": 0, "axis": "y", "origin": [9.76042, 24, 9.76042]},
			"faces": {
				"north": {"uv": [0, 1, 1, 15], "texture": "#wall"},
				"east": {"uv": [2, 14, 6, 15], "texture": "#wall"},
				"south": {"uv": [0, 1, 1, 15], "texture": "#wall"},
				"west": {"uv": [2, 2, 6, 3], "texture": "#wall"},
				"up": {"uv": [6, 15, 4, 13], "texture": "#wall"},
				"down": {"uv": [6, 15, 4, 13], "texture": "#wall"}
			}
		},
		{
			"from": [11, 5, 5.03333],
			"to": [12, 6, 7.03333],
			"rotation": {"angle": 0, "axis": "y", "origin": [9.76042, 24, 9.76042]},
			"faces": {
				"north": {"uv": [0, 1, 1, 15], "texture": "#wall"},
				"east": {"uv": [2, 14, 6, 15], "texture": "#wall"},
				"south": {"uv": [0, 1, 1, 15], "texture": "#wall"},
				"west": {"uv": [2, 2, 6, 3], "texture": "#wall"},
				"up": {"uv": [6, 15, 4, 13], "texture": "#wall"},
				"down": {"uv": [6, 15, 4, 13], "texture": "#wall"}
			}
		},
		{
			"from": [11, 6, 5.03333],
			"to": [12, 7, 6.03333],
			"rotation": {"angle": 0, "axis": "y", "origin": [9.76042, 24, 9.76042]},
			"faces": {
				"north": {"uv": [2, 14, 4, 15], "texture": "#wall"},
				"east": {"uv": [2, 14, 4, 15], "texture": "#wall"},
				"south": {"uv": [2, 14, 4, 15], "texture": "#wall"},
				"west": {"uv": [2, 14, 4, 15], "texture": "#wall"},
				"up": {"uv": [4, 15, 2, 14], "texture": "#wall"},
				"down": {"uv": [4, 15, 2, 14], "texture": "#wall"}
			}
		},
		{
			"from": [11, 0, 10.03333],
			"to": [12, 1, 11.03333],
			"rotation": {"angle": 0, "axis": "y", "origin": [9.76042, 24, 9.76042]},
			"faces": {
				"north": {"uv": [4, 14, 6, 15], "texture": "#wall"},
				"east": {"uv": [4, 14, 6, 15], "texture": "#wall"},
				"south": {"uv": [4, 14, 6, 15], "texture": "#wall"},
				"west": {"uv": [4, 14, 6, 15], "texture": "#wall"},
				"up": {"uv": [4, 14, 6, 15], "texture": "#wall"},
				"down": {"uv": [4, 14, 6, 15], "texture": "#wall"}
			}
		},
		{
			"from": [11, 9, 5.03333],
			"to": [12, 10, 6.03333],
			"rotation": {"angle": 0, "axis": "y", "origin": [9.76042, 24, 9.76042]},
			"faces": {
				"north": {"uv": [2, 14, 4, 15], "texture": "#wall"},
				"east": {"uv": [2, 14, 4, 15], "texture": "#wall"},
				"south": {"uv": [2, 14, 4, 15], "texture": "#wall"},
				"west": {"uv": [2, 14, 4, 15], "texture": "#wall"},
				"up": {"uv": [4, 15, 2, 14], "texture": "#wall"},
				"down": {"uv": [4, 15, 2, 14], "texture": "#wall"}
			}
		},
		{
			"from": [11, 15, 10.03333],
			"to": [12, 16, 11.03333],
			"rotation": {"angle": 0, "axis": "y", "origin": [9.76042, 24, 9.76042]},
			"faces": {
				"north": {"uv": [4, 14, 6, 15], "texture": "#wall"},
				"east": {"uv": [4, 14, 6, 15], "texture": "#wall"},
				"south": {"uv": [4, 14, 6, 15], "texture": "#wall"},
				"west": {"uv": [4, 14, 6, 15], "texture": "#wall"},
				"up": {"uv": [4, 14, 6, 15], "texture": "#wall"},
				"down": {"uv": [4, 14, 6, 15], "texture": "#wall"}
			}
		},
		{
			"from": [11, 10, 5.03333],
			"to": [12, 11, 7.03333],
			"rotation": {"angle": 0, "axis": "y", "origin": [9.76042, 24, 9.76042]},
			"faces": {
				"north": {"uv": [0, 1, 1, 15], "texture": "#wall"},
				"east": {"uv": [2, 14, 6, 15], "texture": "#wall"},
				"south": {"uv": [0, 1, 1, 15], "texture": "#wall"},
				"west": {"uv": [2, 2, 6, 3], "texture": "#wall"},
				"up": {"uv": [6, 15, 4, 13], "texture": "#wall"},
				"down": {"uv": [6, 15, 4, 13], "texture": "#wall"}
			}
		},
		{
			"from": [11, 11, 6.03333],
			"to": [12, 12, 8.03333],
			"rotation": {"angle": 0, "axis": "y", "origin": [9.76042, 24, 9.76042]},
			"faces": {
				"north": {"uv": [0, 1, 1, 15], "texture": "#wall"},
				"east": {"uv": [2, 14, 6, 15], "texture": "#wall"},
				"south": {"uv": [0, 1, 1, 15], "texture": "#wall"},
				"west": {"uv": [2, 2, 6, 3], "texture": "#wall"},
				"up": {"uv": [6, 15, 4, 13], "texture": "#wall"},
				"down": {"uv": [6, 15, 4, 13], "texture": "#wall"}
			}
		},
		{
			"from": [11, 12, 7.03333],
			"to": [12, 13, 9.03333],
			"rotation": {"angle": 0, "axis": "y", "origin": [9.76042, 24, 9.76042]},
			"faces": {
				"north": {"uv": [0, 1, 1, 15], "texture": "#wall"},
				"east": {"uv": [2, 14, 6, 15], "texture": "#wall"},
				"south": {"uv": [0, 1, 1, 15], "texture": "#wall"},
				"west": {"uv": [2, 2, 6, 3], "texture": "#wall"},
				"up": {"uv": [6, 15, 4, 13], "texture": "#wall"},
				"down": {"uv": [6, 15, 4, 13], "texture": "#wall"}
			}
		},
		{
			"from": [11, 13, 8.03333],
			"to": [12, 14, 10.03333],
			"rotation": {"angle": 0, "axis": "y", "origin": [9.76042, 24, 9.76042]},
			"faces": {
				"north": {"uv": [0, 1, 1, 15], "texture": "#wall"},
				"east": {"uv": [2, 14, 6, 15], "texture": "#wall"},
				"south": {"uv": [0, 1, 1, 15], "texture": "#wall"},
				"west": {"uv": [2, 2, 6, 3], "texture": "#wall"},
				"up": {"uv": [6, 15, 4, 13], "texture": "#wall"},
				"down": {"uv": [6, 15, 4, 13], "texture": "#wall"}
			}
		},
		{
			"from": [9.0125, 14, 4],
			"to": [11.0125, 15, 5],
			"rotation": {"angle": 0, "axis": "y", "origin": [6.23958, 24, 9.73958]},
			"faces": {
				"north": {"uv": [2, 14, 6, 15], "texture": "#wall"},
				"east": {"uv": [0, 1, 1, 15], "texture": "#wall"},
				"south": {"uv": [2, 2, 6, 3], "texture": "#wall"},
				"west": {"uv": [0, 1, 1, 15], "texture": "#wall"},
				"up": {"uv": [4, 13, 6, 15], "rotation": 90, "texture": "#wall"},
				"down": {"uv": [4, 13, 6, 15], "rotation": 270, "texture": "#wall"}
			}
		},
		{
			"from": [11.0125, 0.5, 4],
			"to": [12.0125, 15.5, 5],
			"rotation": {"angle": 0, "axis": "y", "origin": [6.23958, 24, 9.73958]},
			"faces": {
				"north": {"uv": [0, 1, 2, 15], "texture": "#wall"},
				"east": {"uv": [14, 1, 16, 15], "texture": "#wall"},
				"south": {"uv": [14, 1, 16, 15], "texture": "#wall"},
				"west": {"uv": [0, 1, 2, 15], "texture": "#wall"},
				"up": {"uv": [0, 1, 2, 15], "rotation": 90, "texture": "#wall"},
				"down": {"uv": [0, 1, 2, 15], "rotation": 270, "texture": "#wall"}
			}
		},
		{
			"from": [5.0125, 0, 4],
			"to": [12.0125, 0.5, 5],
			"rotation": {"angle": 0, "axis": "y", "origin": [6.23958, 24, 9.73958]},
			"faces": {
				"north": {"uv": [0, 15, 16, 16], "texture": "#wall"},
				"east": {"uv": [0, 1, 1, 15], "texture": "#wall"},
				"south": {"uv": [0, 15, 16, 16], "texture": "#wall"},
				"west": {"uv": [0, 1, 1, 15], "texture": "#wall"},
				"up": {"uv": [0, 1, 1, 15], "rotation": 90, "texture": "#wall"},
				"down": {"uv": [0, 1, 1, 15], "rotation": 270, "texture": "#wall"}
			}
		},
		{
			"from": [5.0125, 15.5, 4],
			"to": [12.0125, 16, 5],
			"rotation": {"angle": 0, "axis": "y", "origin": [6.23958, 24, 9.73958]},
			"faces": {
				"north": {"uv": [0, 15, 14, 16], "texture": "#wall"},
				"east": {"uv": [0, 1, 1, 15], "texture": "#wall"},
				"south": {"uv": [0, 15, 16, 16], "texture": "#wall"},
				"west": {"uv": [0, 1, 1, 15], "texture": "#wall"},
				"up": {"uv": [0, 1, 1, 15], "rotation": 90, "texture": "#wall"},
				"down": {"uv": [0, 1, 1, 15], "rotation": 270, "texture": "#wall"}
			}
		},
		{
			"from": [9.0125, 1, 4],
			"to": [11.0125, 2, 5],
			"rotation": {"angle": 0, "axis": "y", "origin": [6.23958, 24, 9.73958]},
			"faces": {
				"north": {"uv": [2, 14, 6, 15], "texture": "#wall"},
				"east": {"uv": [0, 1, 1, 15], "texture": "#wall"},
				"south": {"uv": [2, 2, 6, 3], "texture": "#wall"},
				"west": {"uv": [0, 1, 1, 15], "texture": "#wall"},
				"up": {"uv": [4, 13, 6, 15], "rotation": 90, "texture": "#wall"},
				"down": {"uv": [4, 13, 6, 15], "rotation": 270, "texture": "#wall"}
			}
		},
		{
			"from": [8.0125, 2, 4],
			"to": [10.0125, 3, 5],
			"rotation": {"angle": 0, "axis": "y", "origin": [6.23958, 24, 9.73958]},
			"faces": {
				"north": {"uv": [2, 14, 6, 15], "texture": "#wall"},
				"east": {"uv": [0, 1, 1, 15], "texture": "#wall"},
				"south": {"uv": [2, 2, 6, 3], "texture": "#wall"},
				"west": {"uv": [0, 1, 1, 15], "texture": "#wall"},
				"up": {"uv": [4, 13, 6, 15], "rotation": 90, "texture": "#wall"},
				"down": {"uv": [4, 13, 6, 15], "rotation": 270, "texture": "#wall"}
			}
		},
		{
			"from": [7.0125, 3, 4],
			"to": [9.0125, 4, 5],
			"rotation": {"angle": 0, "axis": "y", "origin": [6.23958, 24, 9.73958]},
			"faces": {
				"north": {"uv": [2, 14, 6, 15], "texture": "#wall"},
				"east": {"uv": [0, 1, 1, 15], "texture": "#wall"},
				"south": {"uv": [2, 2, 6, 3], "texture": "#wall"},
				"west": {"uv": [0, 1, 1, 15], "texture": "#wall"},
				"up": {"uv": [4, 13, 6, 15], "rotation": 90, "texture": "#wall"},
				"down": {"uv": [4, 13, 6, 15], "rotation": 270, "texture": "#wall"}
			}
		},
		{
			"from": [6.0125, 4, 4],
			"to": [8.0125, 5, 5],
			"rotation": {"angle": 0, "axis": "y", "origin": [6.23958, 24, 9.73958]},
			"faces": {
				"north": {"uv": [2, 14, 6, 15], "texture": "#wall"},
				"east": {"uv": [0, 1, 1, 15], "texture": "#wall"},
				"south": {"uv": [2, 2, 6, 3], "texture": "#wall"},
				"west": {"uv": [0, 1, 1, 15], "texture": "#wall"},
				"up": {"uv": [4, 13, 6, 15], "rotation": 90, "texture": "#wall"},
				"down": {"uv": [4, 13, 6, 15], "rotation": 270, "texture": "#wall"}
			}
		},
		{
			"from": [5.0125, 5, 4],
			"to": [7.0125, 6, 5],
			"rotation": {"angle": 0, "axis": "y", "origin": [6.23958, 24, 9.73958]},
			"faces": {
				"north": {"uv": [2, 14, 6, 15], "texture": "#wall"},
				"east": {"uv": [0, 1, 1, 15], "texture": "#wall"},
				"south": {"uv": [2, 2, 6, 3], "texture": "#wall"},
				"west": {"uv": [0, 1, 1, 15], "texture": "#wall"},
				"up": {"uv": [4, 13, 6, 15], "rotation": 90, "texture": "#wall"},
				"down": {"uv": [4, 13, 6, 15], "rotation": 270, "texture": "#wall"}
			}
		},
		{
			"from": [5.0125, 6, 4],
			"to": [6.0125, 7, 5],
			"rotation": {"angle": 0, "axis": "y", "origin": [6.23958, 24, 9.73958]},
			"faces": {
				"north": {"uv": [2, 14, 4, 15], "texture": "#wall"},
				"east": {"uv": [2, 14, 4, 15], "texture": "#wall"},
				"south": {"uv": [2, 14, 4, 15], "texture": "#wall"},
				"west": {"uv": [2, 14, 4, 15], "texture": "#wall"},
				"up": {"uv": [2, 14, 4, 15], "rotation": 90, "texture": "#wall"},
				"down": {"uv": [2, 14, 4, 15], "rotation": 270, "texture": "#wall"}
			}
		},
		{
			"from": [10.0125, 0, 4],
			"to": [11.0125, 1, 5],
			"rotation": {"angle": 0, "axis": "y", "origin": [6.23958, 24, 9.73958]},
			"faces": {
				"north": {"uv": [4, 14, 6, 15], "texture": "#wall"},
				"east": {"uv": [4, 14, 6, 15], "texture": "#wall"},
				"south": {"uv": [4, 14, 6, 15], "texture": "#wall"},
				"west": {"uv": [4, 14, 6, 15], "texture": "#wall"},
				"up": {"uv": [4, 14, 6, 15], "texture": "#wall"},
				"down": {"uv": [4, 14, 6, 15], "texture": "#wall"}
			}
		},
		{
			"from": [5.0125, 9, 4],
			"to": [6.0125, 10, 5],
			"rotation": {"angle": 0, "axis": "y", "origin": [6.23958, 24, 9.73958]},
			"faces": {
				"north": {"uv": [2, 14, 4, 15], "texture": "#wall"},
				"east": {"uv": [2, 14, 4, 15], "texture": "#wall"},
				"south": {"uv": [2, 14, 4, 15], "texture": "#wall"},
				"west": {"uv": [2, 14, 4, 15], "texture": "#wall"},
				"up": {"uv": [2, 14, 4, 15], "rotation": 90, "texture": "#wall"},
				"down": {"uv": [2, 14, 4, 15], "rotation": 270, "texture": "#wall"}
			}
		},
		{
			"from": [10.0125, 15, 4],
			"to": [11.0125, 16, 5],
			"rotation": {"angle": 0, "axis": "y", "origin": [6.23958, 24, 9.73958]},
			"faces": {
				"north": {"uv": [4, 14, 6, 15], "texture": "#wall"},
				"east": {"uv": [4, 14, 6, 15], "texture": "#wall"},
				"south": {"uv": [4, 14, 6, 15], "texture": "#wall"},
				"west": {"uv": [4, 14, 6, 15], "texture": "#wall"},
				"up": {"uv": [4, 14, 6, 15], "texture": "#wall"},
				"down": {"uv": [4, 14, 6, 15], "texture": "#wall"}
			}
		},
		{
			"from": [5.0125, 10, 4],
			"to": [7.0125, 11, 5],
			"rotation": {"angle": 0, "axis": "y", "origin": [6.23958, 24, 9.73958]},
			"faces": {
				"north": {"uv": [2, 14, 6, 15], "texture": "#wall"},
				"east": {"uv": [0, 1, 1, 15], "texture": "#wall"},
				"south": {"uv": [2, 2, 6, 3], "texture": "#wall"},
				"west": {"uv": [0, 1, 1, 15], "texture": "#wall"},
				"up": {"uv": [4, 13, 6, 15], "rotation": 90, "texture": "#wall"},
				"down": {"uv": [4, 13, 6, 15], "rotation": 270, "texture": "#wall"}
			}
		},
		{
			"from": [6.0125, 11, 4],
			"to": [8.0125, 12, 5],
			"rotation": {"angle": 0, "axis": "y", "origin": [6.23958, 24, 9.73958]},
			"faces": {
				"north": {"uv": [2, 14, 6, 15], "texture": "#wall"},
				"east": {"uv": [0, 1, 1, 15], "texture": "#wall"},
				"south": {"uv": [2, 2, 6, 3], "texture": "#wall"},
				"west": {"uv": [0, 1, 1, 15], "texture": "#wall"},
				"up": {"uv": [4, 13, 6, 15], "rotation": 90, "texture": "#wall"},
				"down": {"uv": [4, 13, 6, 15], "rotation": 270, "texture": "#wall"}
			}
		},
		{
			"from": [7.0125, 12, 4],
			"to": [9.0125, 13, 5],
			"rotation": {"angle": 0, "axis": "y", "origin": [6.23958, 24, 9.73958]},
			"faces": {
				"north": {"uv": [2, 14, 6, 15], "texture": "#wall"},
				"east": {"uv": [0, 1, 1, 15], "texture": "#wall"},
				"south": {"uv": [2, 2, 6, 3], "texture": "#wall"},
				"west": {"uv": [0, 1, 1, 15], "texture": "#wall"},
				"up": {"uv": [4, 13, 6, 15], "rotation": 90, "texture": "#wall"},
				"down": {"uv": [4, 13, 6, 15], "rotation": 270, "texture": "#wall"}
			}
		},
		{
			"from": [8.0125, 13, 4],
			"to": [10.0125, 14, 5],
			"rotation": {"angle": 0, "axis": "y", "origin": [6.23958, 24, 9.73958]},
			"faces": {
				"north": {"uv": [2, 14, 6, 15], "texture": "#wall"},
				"east": {"uv": [0, 1, 1, 15], "texture": "#wall"},
				"south": {"uv": [2, 2, 6, 3], "texture": "#wall"},
				"west": {"uv": [0, 1, 1, 15], "texture": "#wall"},
				"up": {"uv": [4, 13, 6, 15], "rotation": 90, "texture": "#wall"},
				"down": {"uv": [4, 13, 6, 15], "rotation": 270, "texture": "#wall"}
			}
		},
		{
			"from": [4.9875, 14, 11],
			"to": [6.9875, 15, 12],
			"rotation": {"angle": 0, "axis": "y", "origin": [9.76042, 24, 9.73958]},
			"faces": {
				"north": {"uv": [6, 14, 2, 15], "texture": "#wall"},
				"east": {"uv": [1, 1, 0, 15], "texture": "#wall"},
				"south": {"uv": [6, 2, 2, 3], "texture": "#wall"},
				"west": {"uv": [1, 1, 0, 15], "texture": "#wall"},
				"up": {"uv": [4, 15, 6, 13], "rotation": 90, "texture": "#wall"},
				"down": {"uv": [4, 15, 6, 13], "rotation": 270, "texture": "#wall"}
			}
		},
		{
			"from": [3.9875, 0.5, 11],
			"to": [4.9875, 15.5, 12],
			"rotation": {"angle": 0, "axis": "y", "origin": [9.76042, 24, 9.73958]},
			"faces": {
				"north": {"uv": [2, 1, 0, 15], "texture": "#wall"},
				"east": {"uv": [16, 1, 14, 15], "texture": "#wall"},
				"south": {"uv": [16, 1, 14, 15], "texture": "#wall"},
				"west": {"uv": [2, 1, 0, 15], "texture": "#wall"},
				"up": {"uv": [0, 15, 2, 1], "rotation": 90, "texture": "#wall"},
				"down": {"uv": [0, 15, 2, 1], "rotation": 270, "texture": "#wall"}
			}
		},
		{
			"from": [3.9875, 0, 11],
			"to": [10.9875, 0.5, 12],
			"rotation": {"angle": 0, "axis": "y", "origin": [9.76042, 24, 9.73958]},
			"faces": {
				"north": {"uv": [16, 15, 0, 16], "texture": "#wall"},
				"east": {"uv": [1, 1, 0, 15], "texture": "#wall"},
				"south": {"uv": [16, 15, 0, 16], "texture": "#wall"},
				"west": {"uv": [1, 1, 0, 15], "texture": "#wall"},
				"up": {"uv": [0, 15, 1, 1], "rotation": 90, "texture": "#wall"},
				"down": {"uv": [0, 15, 1, 1], "rotation": 270, "texture": "#wall"}
			}
		},
		{
			"from": [3.9875, 15.5, 11],
			"to": [10.9875, 16, 12],
			"rotation": {"angle": 0, "axis": "y", "origin": [9.76042, 24, 9.73958]},
			"faces": {
				"north": {"uv": [14, 15, 0, 16], "texture": "#wall"},
				"east": {"uv": [1, 1, 0, 15], "texture": "#wall"},
				"south": {"uv": [16, 15, 0, 16], "texture": "#wall"},
				"west": {"uv": [1, 1, 0, 15], "texture": "#wall"},
				"up": {"uv": [0, 15, 1, 1], "rotation": 90, "texture": "#wall"},
				"down": {"uv": [0, 15, 1, 1], "rotation": 270, "texture": "#wall"}
			}
		},
		{
			"from": [4.9875, 1, 11],
			"to": [6.9875, 2, 12],
			"rotation": {"angle": 0, "axis": "y", "origin": [9.76042, 24, 9.73958]},
			"faces": {
				"north": {"uv": [6, 14, 2, 15], "texture": "#wall"},
				"east": {"uv": [1, 1, 0, 15], "texture": "#wall"},
				"south": {"uv": [6, 2, 2, 3], "texture": "#wall"},
				"west": {"uv": [1, 1, 0, 15], "texture": "#wall"},
				"up": {"uv": [4, 15, 6, 13], "rotation": 90, "texture": "#wall"},
				"down": {"uv": [4, 15, 6, 13], "rotation": 270, "texture": "#wall"}
			}
		},
		{
			"from": [5.9875, 2, 11],
			"to": [7.9875, 3, 12],
			"rotation": {"angle": 0, "axis": "y", "origin": [9.76042, 24, 9.73958]},
			"faces": {
				"north": {"uv": [6, 14, 2, 15], "texture": "#wall"},
				"east": {"uv": [1, 1, 0, 15], "texture": "#wall"},
				"south": {"uv": [6, 2, 2, 3], "texture": "#wall"},
				"west": {"uv": [1, 1, 0, 15], "texture": "#wall"},
				"up": {"uv": [4, 15, 6, 13], "rotation": 90, "texture": "#wall"},
				"down": {"uv": [4, 15, 6, 13], "rotation": 270, "texture": "#wall"}
			}
		},
		{
			"from": [6.9875, 3, 11],
			"to": [8.9875, 4, 12],
			"rotation": {"angle": 0, "axis": "y", "origin": [9.76042, 24, 9.73958]},
			"faces": {
				"north": {"uv": [6, 14, 2, 15], "texture": "#wall"},
				"east": {"uv": [1, 1, 0, 15], "texture": "#wall"},
				"south": {"uv": [6, 2, 2, 3], "texture": "#wall"},
				"west": {"uv": [1, 1, 0, 15], "texture": "#wall"},
				"up": {"uv": [4, 15, 6, 13], "rotation": 90, "texture": "#wall"},
				"down": {"uv": [4, 15, 6, 13], "rotation": 270, "texture": "#wall"}
			}
		},
		{
			"from": [7.9875, 4, 11],
			"to": [9.9875, 5, 12],
			"rotation": {"angle": 0, "axis": "y", "origin": [9.76042, 24, 9.73958]},
			"faces": {
				"north": {"uv": [6, 14, 2, 15], "texture": "#wall"},
				"east": {"uv": [1, 1, 0, 15], "texture": "#wall"},
				"south": {"uv": [6, 2, 2, 3], "texture": "#wall"},
				"west": {"uv": [1, 1, 0, 15], "texture": "#wall"},
				"up": {"uv": [4, 15, 6, 13], "rotation": 90, "texture": "#wall"},
				"down": {"uv": [4, 15, 6, 13], "rotation": 270, "texture": "#wall"}
			}
		},
		{
			"from": [8.9875, 5, 11],
			"to": [10.9875, 6, 12],
			"rotation": {"angle": 0, "axis": "y", "origin": [9.76042, 24, 9.73958]},
			"faces": {
				"north": {"uv": [6, 14, 2, 15], "texture": "#wall"},
				"east": {"uv": [1, 1, 0, 15], "texture": "#wall"},
				"south": {"uv": [6, 2, 2, 3], "texture": "#wall"},
				"west": {"uv": [1, 1, 0, 15], "texture": "#wall"},
				"up": {"uv": [4, 15, 6, 13], "rotation": 90, "texture": "#wall"},
				"down": {"uv": [4, 15, 6, 13], "rotation": 270, "texture": "#wall"}
			}
		},
		{
			"from": [9.9875, 6, 11],
			"to": [10.9875, 7, 12],
			"rotation": {"angle": 0, "axis": "y", "origin": [9.76042, 24, 9.73958]},
			"faces": {
				"north": {"uv": [4, 14, 2, 15], "texture": "#wall"},
				"east": {"uv": [4, 14, 2, 15], "texture": "#wall"},
				"south": {"uv": [4, 14, 2, 15], "texture": "#wall"},
				"west": {"uv": [4, 14, 2, 15], "texture": "#wall"},
				"up": {"uv": [2, 15, 4, 14], "rotation": 90, "texture": "#wall"},
				"down": {"uv": [2, 15, 4, 14], "rotation": 270, "texture": "#wall"}
			}
		},
		{
			"from": [4.9875, 0, 11],
			"to": [5.9875, 1, 12],
			"rotation": {"angle": 0, "axis": "y", "origin": [9.76042, 24, 9.73958]},
			"faces": {
				"north": {"uv": [6, 14, 4, 15], "texture": "#wall"},
				"east": {"uv": [6, 14, 4, 15], "texture": "#wall"},
				"south": {"uv": [6, 14, 4, 15], "texture": "#wall"},
				"west": {"uv": [6, 14, 4, 15], "texture": "#wall"},
				"up": {"uv": [6, 14, 4, 15], "texture": "#wall"},
				"down": {"uv": [6, 14, 4, 15], "texture": "#wall"}
			}
		},
		{
			"from": [9.9875, 9, 11],
			"to": [10.9875, 10, 12],
			"rotation": {"angle": 0, "axis": "y", "origin": [9.76042, 24, 9.73958]},
			"faces": {
				"north": {"uv": [4, 14, 2, 15], "texture": "#wall"},
				"east": {"uv": [4, 14, 2, 15], "texture": "#wall"},
				"south": {"uv": [4, 14, 2, 15], "texture": "#wall"},
				"west": {"uv": [4, 14, 2, 15], "texture": "#wall"},
				"up": {"uv": [2, 15, 4, 14], "rotation": 90, "texture": "#wall"},
				"down": {"uv": [2, 15, 4, 14], "rotation": 270, "texture": "#wall"}
			}
		},
		{
			"from": [4.9875, 15, 11],
			"to": [5.9875, 16, 12],
			"rotation": {"angle": 0, "axis": "y", "origin": [9.76042, 24, 9.73958]},
			"faces": {
				"north": {"uv": [6, 14, 4, 15], "texture": "#wall"},
				"east": {"uv": [6, 14, 4, 15], "texture": "#wall"},
				"south": {"uv": [6, 14, 4, 15], "texture": "#wall"},
				"west": {"uv": [6, 14, 4, 15], "texture": "#wall"},
				"up": {"uv": [6, 14, 4, 15], "texture": "#wall"},
				"down": {"uv": [6, 14, 4, 15], "texture": "#wall"}
			}
		},
		{
			"from": [8.9875, 10, 11],
			"to": [10.9875, 11, 12],
			"rotation": {"angle": 0, "axis": "y", "origin": [9.76042, 24, 9.73958]},
			"faces": {
				"north": {"uv": [6, 14, 2, 15], "texture": "#wall"},
				"east": {"uv": [1, 1, 0, 15], "texture": "#wall"},
				"south": {"uv": [6, 2, 2, 3], "texture": "#wall"},
				"west": {"uv": [1, 1, 0, 15], "texture": "#wall"},
				"up": {"uv": [4, 15, 6, 13], "rotation": 90, "texture": "#wall"},
				"down": {"uv": [4, 15, 6, 13], "rotation": 270, "texture": "#wall"}
			}
		},
		{
			"from": [7.9875, 11, 11],
			"to": [9.9875, 12, 12],
			"rotation": {"angle": 0, "axis": "y", "origin": [9.76042, 24, 9.73958]},
			"faces": {
				"north": {"uv": [6, 14, 2, 15], "texture": "#wall"},
				"east": {"uv": [1, 1, 0, 15], "texture": "#wall"},
				"south": {"uv": [6, 2, 2, 3], "texture": "#wall"},
				"west": {"uv": [1, 1, 0, 15], "texture": "#wall"},
				"up": {"uv": [4, 15, 6, 13], "rotation": 90, "texture": "#wall"},
				"down": {"uv": [4, 15, 6, 13], "rotation": 270, "texture": "#wall"}
			}
		},
		{
			"from": [6.9875, 12, 11],
			"to": [8.9875, 13, 12],
			"rotation": {"angle": 0, "axis": "y", "origin": [9.76042, 24, 9.73958]},
			"faces": {
				"north": {"uv": [6, 14, 2, 15], "texture": "#wall"},
				"east": {"uv": [1, 1, 0, 15], "texture": "#wall"},
				"south": {"uv": [6, 2, 2, 3], "texture": "#wall"},
				"west": {"uv": [1, 1, 0, 15], "texture": "#wall"},
				"up": {"uv": [4, 15, 6, 13], "rotation": 90, "texture": "#wall"},
				"down": {"uv": [4, 15, 6, 13], "rotation": 270, "texture": "#wall"}
			}
		},
		{
			"from": [5.9875, 13, 11],
			"to": [7.9875, 14, 12],
			"rotation": {"angle": 0, "axis": "y", "origin": [9.76042, 24, 9.73958]},
			"faces": {
				"north": {"uv": [6, 14, 2, 15], "texture": "#wall"},
				"east": {"uv": [1, 1, 0, 15], "texture": "#wall"},
				"south": {"uv": [6, 2, 2, 3], "texture": "#wall"},
				"west": {"uv": [1, 1, 0, 15], "texture": "#wall"},
				"up": {"uv": [4, 15, 6, 13], "rotation": 90, "texture": "#wall"},
				"down": {"uv": [4, 15, 6, 13], "rotation": 270, "texture": "#wall"}
			}
		}
	],
	"groups": [
		{
			"name": "group",
			"origin": [8, 8, 8],
			"color": 0,
			"children": [
				{
					"name": "group",
					"origin": [0, 0, 0],
					"color": 0,
					"children": [0, 1, 2, 3, 4, 5, 6, 7, 8, 9, 10, 11, 12, 13, 14, 15, 16]
				},
				{
					"name": "group",
					"origin": [0, 0, 0],
					"color": 0,
					"children": [17, 18, 19, 20, 21, 22, 23, 24, 25, 26, 27, 28, 29, 30, 31, 32, 33]
				},
				{
					"name": "group",
					"origin": [0, 0, 0],
					"color": 0,
					"children": [34, 35, 36, 37, 38, 39, 40, 41, 42, 43, 44, 45, 46, 47, 48, 49, 50]
				},
				{
					"name": "group",
					"origin": [0, 0, 0],
					"color": 0,
					"children": [51, 52, 53, 54, 55, 56, 57, 58, 59, 60, 61, 62, 63, 64, 65, 66, 67]
				}
			]
		}
	]
}