{
	"credit": "made with blockbench",
	"textures": {
		"1": "blocks/stone",
		"particle": "blocks/default_rail",
		"1_1": "blocks/default_rail"
	},
	"elements": [
		{
			"from": [0, -16, 0],
			"to": [16, 0, 16],
			"rotation": {"angle": 0, "axis": "y", "origin": [8, 7, 8]},
			"faces": {
				"north": {"uv": [0, 0, 16, 16], "texture": "#1"},
				"east": {"uv": [0, 0, 16, 16], "texture": "#1"},
				"south": {"uv": [0, 0, 16, 16], "texture": "#1"},
				"west": {"uv": [0, 0, 16, 16], "texture": "#1"},
				"up": {"uv": [0, 0, 16, 16], "texture": "#1"},
				"down": {"uv": [0, 0, 16, 16], "texture": "#1"}
			}
		},
		{
			"from": [-8, -16, 0],
			"to": [0, 0, 16],
			"rotation": {"angle": 0, "axis": "y", "origin": [-8, 7, 8]},
			"faces": {
				"north": {"uv": [0, 0, 8, 16], "texture": "#1"},
				"east": {"uv": [0, 0, 16, 16], "texture": "#1"},
				"south": {"uv": [0, 0, 8, 16], "texture": "#1"},
				"west": {"uv": [0, 0, 16, 16], "texture": "#1"},
				"up": {"uv": [0, 0, 8, 16], "texture": "#1"},
				"down": {"uv": [0, 0, 8, 16], "texture": "#1"}
			}
		},
		{
			"from": [16, -16, 0],
			"to": [24, 0, 16],
			"rotation": {"angle": 0, "axis": "y", "origin": [16, 7, 8]},
			"faces": {
				"north": {"uv": [8, 0, 16, 16], "texture": "#1"},
				"east": {"uv": [8, 0, 16, 16], "texture": "#1"},
				"south": {"uv": [8, 0, 16, 16], "texture": "#1"},
				"west": {"uv": [0, 0, 16, 16], "texture": "#1"},
				"up": {"uv": [8, 0, 16, 16], "texture": "#1"},
				"down": {"uv": [8, 0, 16, 16], "texture": "#1"}
			}
		},
		{
			"from": [-3, 0.25, 0],
			"to": [-1, 1.5, 16],
			"rotation": {"angle": 0, "axis": "y", "origin": [5, 8.5, 8]},
			"faces": {
				"north": {"uv": [12, 15, 14, 16], "texture": "#1_1"},
				"east": {"uv": [3, 0, 4, 16], "rotation": 90, "texture": "#1_1"},
				"south": {"uv": [12, 15, 14, 16], "rotation": 180, "texture": "#1_1"},
				"west": {"uv": [2, 0, 3, 16], "rotation": 90, "texture": "#1_1"},
				"up": {"uv": [12, 0, 14, 16], "rotation": 180, "texture": "#1_1"},
				"down": {"uv": [12, 0, 14, 16], "rotation": 180, "texture": "#1_1"}
			}
		},
		{
			"from": [17, 0.25, 0],
			"to": [19, 1.5, 16],
			"rotation": {"angle": 0, "axis": "y", "origin": [25, 8.5, 8]},
			"faces": {
				"north": {"uv": [12, 15, 14, 16], "rotation": 180, "texture": "#1_1"},
				"east": {"uv": [2, 0, 3, 16], "rotation": 90, "texture": "#1_1"},
				"south": {"uv": [12, 15, 14, 16], "texture": "#1_1"},
				"west": {"uv": [3, 0, 4, 16], "rotation": 90, "texture": "#1_1"},
				"up": {"uv": [2, 0, 4, 16], "rotation": 180, "texture": "#1_1"},
				"down": {"uv": [2, 0, 4, 16], "rotation": 180, "texture": "#1_1"}
			}
		},
		{
			"from": [-5, 0, 2.5],
			"to": [21, 0.5, 5.5],
			"rotation": {"angle": 0, "axis": "y", "origin": [10, 8, 11.5]},
			"faces": {
				"north": {"uv": [12, 2, 4, 3], "texture": "#1_1"},
				"east": {"uv": [2, 1, 1, 3], "rotation": 90, "texture": "#1_1"},
				"south": {"uv": [12, 1, 4, 2], "texture": "#1_1"},
				"west": {"uv": [2, 1, 1, 3], "rotation": 270, "texture": "#1_1"},
				"up": {"uv": [12, 1, 4, 3], "texture": "#1_1"},
				"down": {"uv": [12, 1, 4, 3], "texture": "#1_1"}
			}
		},
		{
			"from": [-5, 0, 10.75],
			"to": [21, 0.5, 13.75],
			"rotation": {"angle": 0, "axis": "y", "origin": [10, 8, 19.75]},
			"faces": {
				"north": {"uv": [12, 2, 4, 3], "texture": "#1_1"},
				"east": {"uv": [2, 1, 1, 3], "rotation": 90, "texture": "#1_1"},
				"south": {"uv": [12, 1, 4, 2], "texture": "#1_1"},
				"west": {"uv": [2, 1, 1, 3], "rotation": 270, "texture": "#1_1"},
				"up": {"uv": [12, 1, 4, 3], "texture": "#1_1"},
				"down": {"uv": [12, 1, 4, 3], "texture": "#1_1"}
			}
		}
	],
	"display": {
		"head": {
			"translation": [0, 4.5, 0],
			"scale": [1.6, 1.6, 1.6]
		}
	},
	"groups": [0, 1, 2,
		{
			"name": "rail",
			"origin": [8, 8, 8],
			"children": [3, 4, 5, 6]
		}
	]
}