{
	"credit": "made with blockbench",
	"textures": {
		"particle": "blocks/default_rail",
		"1_1": "blocks/default_rail"
	},
	"elements": [
		{
			"from": [-3, 0.25, 0],
			"to": [-1, 1.5, 16],
			"rotation": {"angle": 0, "axis": "y", "origin": [5, 8.5, 8]},
			"faces": {
				"north": {"uv": [12, 15, 14, 16], "texture": "#1_1"},
				"east": {"uv": [3, 0, 4, 16], "rotation": 90, "texture": "#1_1"},
				"south": {"uv": [12, 15, 14, 16], "rotation": 180, "texture": "#1_1"},
				"west": {"uv": [2, 0, 3, 16], "rotation": 90, "texture": "#1_1"},
				"up": {"uv": [12, 0, 14, 16], "rotation": 180, "texture": "#1_1"},
				"down": {"uv": [12, 0, 14, 16], "rotation": 180, "texture": "#1_1"}
			}
		},
		{
			"from": [17, 0.25, 0],
			"to": [19, 1.5, 16],
			"rotation": {"angle": 0, "axis": "y", "origin": [25, 8.5, 8]},
			"faces": {
				"north": {"uv": [12, 15, 14, 16], "rotation": 180, "texture": "#1_1"},
				"east": {"uv": [2, 0, 3, 16], "rotation": 90, "texture": "#1_1"},
				"south": {"uv": [12, 15, 14, 16], "texture": "#1_1"},
				"west": {"uv": [3, 0, 4, 16], "rotation": 90, "texture": "#1_1"},
				"up": {"uv": [2, 0, 4, 16], "rotation": 180, "texture": "#1_1"},
				"down": {"uv": [2, 0, 4, 16], "rotation": 180, "texture": "#1_1"}
			}
		}
	],
	"display": {
		"head": {
			"translation": [0, 4.5, 0],
			"scale": [1.6, 1.6, 1.6]
		}
	},
	"groups": [
		{
			"name": "rail",
			"origin": [8, 8, 8],
			"children": [0, 1]
		}
	]
}