{
	"credit": "Made with Blockbench",
	"textures": {
		"particle": "blocks/line",
		"texture": "blocks/line"
	},
	"elements": [
		{
			"name": "top bar",
			"from": [7.875, 9.75, 0],
			"to": [8.125, 10, 8],
			"rotation": {"angle": 0, "axis": "y", "origin": [0.875, 0, 0]},
			"faces": {
				"north": {"uv": [11, 3, 13, 5], "texture": "#texture"},
				"east": {"uv": [11, 3, 13, 5], "texture": "#texture"},
				"south": {"uv": [11, 3, 13, 5], "texture": "#texture"},
				"west": {"uv": [11, 3, 13, 5], "texture": "#texture"},
				"up": {"uv": [11, 3, 13, 5], "texture": "#texture"},
				"down": {"uv": [11, 3, 13, 5], "texture": "#texture"}
			}
		},
		{
			"name": "top bar",
			"from": [7.875, 2.75, 0],
			"to": [8.125, 3, 8],
			"rotation": {"angle": 0, "axis": "y", "origin": [0.875, 0, 0]},
			"faces": {
				"north": {"uv": [3, 11, 5, 13], "texture": "#texture"},
				"east": {"uv": [3, 11, 5, 13], "texture": "#texture"},
				"south": {"uv": [3, 11, 5, 13], "texture": "#texture"},
				"west": {"uv": [3, 11, 5, 13], "texture": "#texture"},
				"up": {"uv": [3, 11, 5, 13], "texture": "#texture"},
				"down": {"uv": [3, 11, 5, 13], "texture": "#texture"}
			}
		}
	]
}