{
	"credit": "Made with Blockbench",
	"textures": {
		"particle": "blocks/line",
		"texture": "blocks/line"
	},
	"elements": [
		{
			"name": "top bar",
			"from": [7.875, 2.95, 7.875],
			"to": [8.125, 9.8, 8.125],
			"rotation": {"angle": 0, "axis": "y", "origin": [0.875, 0, -2.875]},
			"faces": {
				"north": {"uv": [8, 8, 16, 16], "texture": "#texture"},
				"east": {"uv": [8, 8, 16, 16], "texture": "#texture"},
				"south": {"uv": [8, 8, 16, 16], "texture": "#texture"},
				"west": {"uv": [8, 8, 16, 16], "texture": "#texture"},
				"up": {"uv": [8, 8, 16, 16], "texture": "#texture"},
				"down": {"uv": [8, 8, 16, 16], "texture": "#texture"}
			}
		}
	]
}