{
	"credit": "Made with Blockbench",
	"textures": {
		"particle": "blocks/line",
		"texture": "blocks/line"
	},
	"elements": [
		{
			"name": "top bar",
			"from": [7.875, 9.75, 0],
			"to": [8.125, 11, 16],
			"rotation": {"angle": 0, "axis": "y", "origin": [0.875, 0, 0]},
			"faces": {
				"north": {"uv": [0, 0, 8, 8], "texture": "#texture"},
				"east": {"uv": [0, 0, 8, 8], "texture": "#texture"},
				"south": {"uv": [0, 0, 8, 8], "texture": "#texture"},
				"west": {"uv": [0, 0, 8, 8], "texture": "#texture"},
				"up": {"uv": [0, 0, 8, 8], "texture": "#texture"},
				"down": {"uv": [0, 0, 8, 8], "texture": "#texture"}
			}
		},
		{
			"name": "top bar",
			"from": [7.875, 1.75, 0],
			"to": [8.125, 3, 16],
			"rotation": {"angle": 0, "axis": "y", "origin": [0.875, 0, 0]},
			"faces": {
				"north": {"uv": [0, 0, 8, 8], "texture": "#texture"},
				"east": {"uv": [0, 0, 8, 8], "texture": "#texture"},
				"south": {"uv": [0, 0, 8, 8], "texture": "#texture"},
				"west": {"uv": [0, 0, 8, 8], "texture": "#texture"},
				"up": {"uv": [0, 0, 8, 8], "texture": "#texture"},
				"down": {"uv": [0, 0, 8, 8], "texture": "#texture"}
			}
		},
		{
			"name": "top bar",
			"from": [7.875, 2.95, 7.375],
			"to": [8.125, 9.8, 8.625],
			"rotation": {"angle": 0, "axis": "y", "origin": [0.875, 0, -2.875]},
			"faces": {
				"north": {"uv": [8, 0, 16, 8], "texture": "#texture"},
				"east": {"uv": [8, 0, 16, 8], "texture": "#texture"},
				"south": {"uv": [8, 0, 16, 8], "texture": "#texture"},
				"west": {"uv": [8, 0, 16, 8], "texture": "#texture"},
				"up": {"uv": [8, 0, 16, 8], "texture": "#texture"},
				"down": {"uv": [8, 0, 16, 8], "texture": "#texture"}
			}
		}
	],
	"display": {
		"gui": {
			"rotation": [0, -96.75, 0],
			"translation": [0, 1.5, 0]
		},
		"head": {
			"rotation": [0, -91, 0],
			"translation": [0, 8.25, 0],
			"scale": [1, 0.49414, 0.73828]
		},
		"fixed": {
			"rotation": [0, -91, 0],
			"translation": [0, 1, 0]
		}
	}
}