{
	"credit": "Made with Blockbench",
	"texture_size": [512, 512],
	"textures": {
		"1": "items/milk_y20000t/lights",
		"particle": "items/milk_y20000t/lights"
	},
	"elements": [
		{
			"name": "light",
			"from": [13.3, 7.3, -15.4],
			"to": [14.1, 7.8, -15.4],
			"rotation": {"angle": 0, "axis": "y", "origin": [16, 0, 0]},
			"faces": {
				"north": {"uv": [4.75, 3.75, 2.5, 5], "texture": "#1"},
				"east": {"uv": [0, 0, 0, 0], "texture": "#missing"},
				"south": {"uv": [0, 0, 0, 0], "texture": "#missing"},
				"west": {"uv": [0, 0, 0, 0], "texture": "#missing"},
				"up": {"uv": [0, 0, 0, 0], "texture": "#missing"},
				"down": {"uv": [0, 0, 0, 0], "texture": "#missing"}
			}
		},
		{
			"name": "light",
			"from": [13.3, 7.7, -15.4],
			"to": [14.1, 9, -15.4],
			"rotation": {"angle": 0, "axis": "y", "origin": [16, 0, 0]},
			"faces": {
				"north": {"uv": [2.25, 0, 0, 3.75], "texture": "#1"},
				"east": {"uv": [0, 0, 0, 0], "texture": "#missing"},
				"south": {"uv": [0, 0, 0, 0], "texture": "#missing"},
				"west": {"uv": [0, 0, 0, 0], "texture": "#missing"},
				"up": {"uv": [0, 0, 0, 0], "texture": "#missing"},
				"down": {"uv": [0, 0, 0, 0], "texture": "#missing"}
			}
		},
		{
			"name": "light",
			"from": [13.7, 16.1, -15.4],
			"to": [14.5, 17.3, -15.4],
			"rotation": {"angle": 0, "axis": "y", "origin": [16, 0, 0]},
			"faces": {
				"north": {"uv": [2, 5.25, 0, 8.5], "texture": "#1"},
				"east": {"uv": [0, 0, 0, 0], "texture": "#missing"},
				"south": {"uv": [0, 0, 0, 0], "texture": "#missing"},
				"west": {"uv": [0, 0, 0, 0], "texture": "#missing"},
				"up": {"uv": [0, 0, 0, 0], "texture": "#missing"},
				"down": {"uv": [0, 0, 0, 0], "texture": "#missing"}
			}
		},
		{
			"name": "light",
			"from": [2.1, 7.3, -15.4],
			"to": [2.9, 7.8, -15.4],
			"faces": {
				"north": {"uv": [4.75, 3.75, 2.5, 5], "texture": "#1"},
				"east": {"uv": [0, 0, 0, 0], "texture": "#missing"},
				"south": {"uv": [0, 0, 0, 0], "texture": "#missing"},
				"west": {"uv": [0, 0, 0, 0], "texture": "#missing"},
				"up": {"uv": [0, 0, 0, 0], "texture": "#missing"},
				"down": {"uv": [0, 0, 0, 0], "texture": "#missing"}
			}
		},
		{
			"name": "light",
			"from": [2.1, 7.7, -15.4],
			"to": [2.9, 9, -15.4],
			"faces": {
				"north": {"uv": [0, 0, 2.25, 3.75], "texture": "#1"},
				"east": {"uv": [0, 0, 0, 0], "texture": "#missing"},
				"south": {"uv": [0, 0, 0, 0], "texture": "#missing"},
				"west": {"uv": [0, 0, 0, 0], "texture": "#missing"},
				"up": {"uv": [0, 0, 0, 0], "texture": "#missing"},
				"down": {"uv": [0, 0, 0, 0], "texture": "#missing"}
			}
		},
		{
			"name": "light",
			"from": [1.7, 16.1, -15.4],
			"to": [2.5, 17.3, -15.4],
			"faces": {
				"north": {"uv": [2, 5.25, 0, 8.5], "texture": "#1"},
				"east": {"uv": [0, 0, 0, 0], "texture": "#missing"},
				"south": {"uv": [0, 0, 0, 0], "texture": "#missing"},
				"west": {"uv": [0, 0, 0, 0], "texture": "#missing"},
				"up": {"uv": [0, 0, 0, 0], "texture": "#missing"},
				"down": {"uv": [0, 0, 0, 0], "texture": "#missing"}
			}
		}
	],
	"display": {
		"thirdperson_righthand": {
			"rotation": [14.25, 0, -14],
			"translation": [0, 1.75, 0],
			"scale": [0.36367, 0.35391, 0.4]
		},
		"thirdperson_lefthand": {
			"rotation": [14.25, 0, -14],
			"translation": [0, 1.75, 0],
			"scale": [0.36367, 0.35391, 0.4]
		},
		"firstperson_righthand": {
			"rotation": [14.25, 0, -14],
			"scale": [0.36367, 0.35391, 0.20742]
		},
		"firstperson_lefthand": {
			"rotation": [14.25, 0, -14],
			"scale": [0.36367, 0.35391, 0.20742]
		},
		"ground": {
			"rotation": [14.25, 0, -14],
			"translation": [0, 1.75, 0],
			"scale": [0.36367, 0.35391, 0.4]
		},
		"gui": {
			"rotation": [-7, 176, -10],
			"translation": [0, -1.5, 0],
			"scale": [0.56289, 0.55508, 0.49]
		},
		"head": {
			"scale": [4, 4, 4]
		},
		"fixed": {
			"rotation": [14.25, 0, -14],
			"translation": [0, -2, 0],
			"scale": [0.66836, 0.6957, 0.51523]
		}
	}
}