{
  "trainhorn1": {
    "category": "record",
    "sounds": [
      {
        "name": "trainsound/trainhorn1",
        "stream": true
      }
    ]
  },
  "trainhorn2": {
    "category": "record",
    "sounds": [
      {
        "name": "trainsound/trainhorn2",
        "stream": true
      }
    ]
  },
  "trainhorn3": {
    "category": "record",
    "sounds": [
      {
        "name": "trainsound/trainhorn3",
        "stream": true
      }
    ]
  },
  "trainhorn4": {
    "category": "record",
    "sounds": [
      {
        "name": "trainsound/trainhorn4",
        "stream": true
      }
    ]
  },
  "trainhorn5": {
    "category": "record",
    "sounds": [
      {
        "name": "trainsound/trainhorn5",
        "stream": true
      }
    ]
  },
  "approach1": {
    "category": "record",
    "sounds": [
      {
        "name": "trainsound/approach1",
        "stream": true
      }
    ]
  },
  "approach2": {
    "category": "record",
    "sounds": [
      {
        "name": "trainsound/approach2",
        "stream": true
      }
    ]
  },
  "melody1": {
    "category": "record",
    "sounds": [
      {
        "name": "trainsound/melody1",
        "stream": true
      }
    ]
  },
  "melody2": {
    "category": "record",
    "sounds": [
      {
        "name": "trainsound/melody2",
        "stream": true
      }
    ]
  },
  "melody3": {
    "category": "record",
    "sounds": [
      {
        "name": "trainsound/melody3",
        "stream": true
      }
    ]
  },
  "melody4": {
    "category": "record",
    "sounds": [
      {
        "name": "trainsound/melody4",
        "stream": true
      }
    ]
  },
  "melody5": {
    "category": "record",
    "sounds": [
      {
        "name": "trainsound/melody5",
        "stream": true
      }
    ]
  },
  "melody6": {
    "category": "record",
    "sounds": [
      {
        "name": "trainsound/melody6",
        "stream": true
      }
    ]
  }
}